ObsTime,WDGust,WDMax,WSGust,WSMax,num,stno,typhoon_cht_name,typhoon_name
2014-06-14 23:00:00,50,70.0,3.2,1.8,201407,466880,«¢¦N¨©,2014HAGIBIS
2014-06-14 23:59:00,220,190.0,3.4,1.8,201407,466880,«¢¦N¨©,2014HAGIBIS
2014-06-15 01:00:00,190,190.0,3.8,1.8,201407,466880,«¢¦N¨©,2014HAGIBIS
2014-06-15 02:00:00,200,200.0,2.5,1.1,201407,466880,«¢¦N¨©,2014HAGIBIS
2014-06-15 03:00:00,200,210.0,2.9,1.3,201407,466880,«¢¦N¨©,2014HAGIBIS
2014-06-15 04:00:00,180,190.0,2.7,1.0,201407,466880,«¢¦N¨©,2014HAGIBIS
2014-06-15 05:00:00,230,220.0,3.7,1.8,201407,466880,«¢¦N¨©,2014HAGIBIS
2014-06-15 06:00:00,210,210.0,3.1,1.7,201407,466880,«¢¦N¨©,2014HAGIBIS
2014-06-15 07:00:00,190,200.0,3.5,1.4,201407,466880,«¢¦N¨©,2014HAGIBIS
2014-06-15 08:00:00,230,220.0,3.2,1.8,201407,466880,«¢¦N¨©,2014HAGIBIS
2014-06-15 09:00:00,230,220.0,3.9,1.5,201407,466880,«¢¦N¨©,2014HAGIBIS
2014-06-15 10:00:00,230,230.0,4.7,2.0,201407,466880,«¢¦N¨©,2014HAGIBIS
2014-06-15 11:00:00,190,240.0,4.2,2.0,201407,466880,«¢¦N¨©,2014HAGIBIS
2014-06-15 12:00:00,200,250.0,3.7,2.0,201407,466880,«¢¦N¨©,2014HAGIBIS
2014-06-15 13:00:00,300,250.0,4.3,1.8,201407,466880,«¢¦N¨©,2014HAGIBIS
2014-06-15 14:00:00,310,230.0,3.9,2.0,201407,466880,«¢¦N¨©,2014HAGIBIS
2014-06-15 15:00:00,280,270.0,4.0,1.7,201407,466880,«¢¦N¨©,2014HAGIBIS
2014-06-15 16:00:00,180,200.0,3.1,1.4,201407,466880,«¢¦N¨©,2014HAGIBIS
2014-06-15 17:00:00,290,190.0,1.6,0.6,201407,466880,«¢¦N¨©,2014HAGIBIS
2014-06-14 23:00:00,280,300.0,2.0,0.5,201407,466900,«¢¦N¨©,2014HAGIBIS
2014-06-14 23:59:00,20,300.0,2.1,0.9,201407,466900,«¢¦N¨©,2014HAGIBIS
2014-06-15 01:00:00,280,290.0,2.7,0.9,201407,466900,«¢¦N¨©,2014HAGIBIS
2014-06-15 02:00:00,140,140.0,2.4,1.0,201407,466900,«¢¦N¨©,2014HAGIBIS
2014-06-15 03:00:00,140,140.0,4.2,2.5,201407,466900,«¢¦N¨©,2014HAGIBIS
2014-06-15 04:00:00,150,150.0,4.3,2.4,201407,466900,«¢¦N¨©,2014HAGIBIS
2014-06-15 05:00:00,140,140.0,3.7,1.8,201407,466900,«¢¦N¨©,2014HAGIBIS
2014-06-15 06:00:00,210,220.0,2.3,1.0,201407,466900,«¢¦N¨©,2014HAGIBIS
2014-06-15 07:00:00,310,220.0,1.8,0.5,201407,466900,«¢¦N¨©,2014HAGIBIS
2014-06-15 08:00:00,130,130.0,1.9,0.5,201407,466900,«¢¦N¨©,2014HAGIBIS
2014-06-15 09:00:00,130,160.0,2.7,1.0,201407,466900,«¢¦N¨©,2014HAGIBIS
2014-06-15 10:00:00,180,150.0,3.9,1.8,201407,466900,«¢¦N¨©,2014HAGIBIS
2014-06-15 11:00:00,320,310.0,4.9,2.6,201407,466900,«¢¦N¨©,2014HAGIBIS
2014-06-15 12:00:00,320,310.0,5.6,3.2,201407,466900,«¢¦N¨©,2014HAGIBIS
2014-06-15 13:00:00,310,310.0,6.0,3.2,201407,466900,«¢¦N¨©,2014HAGIBIS
2014-06-15 14:00:00,300,300.0,4.7,2.5,201407,466900,«¢¦N¨©,2014HAGIBIS
2014-06-15 15:00:00,280,310.0,4.3,2.3,201407,466900,«¢¦N¨©,2014HAGIBIS
2014-06-15 16:00:00,310,310.0,4.6,2.2,201407,466900,«¢¦N¨©,2014HAGIBIS
2014-06-15 17:00:00,260,310.0,2.1,1.3,201407,466900,«¢¦N¨©,2014HAGIBIS
2014-06-14 23:00:00,200,200.0,8.7,3.9,201407,466910,«¢¦N¨©,2014HAGIBIS
2014-06-14 23:59:00,190,190.0,11.4,5.8,201407,466910,«¢¦N¨©,2014HAGIBIS
2014-06-15 01:00:00,200,190.0,10.8,5.8,201407,466910,«¢¦N¨©,2014HAGIBIS
2014-06-15 02:00:00,160,190.0,7.1,4.4,201407,466910,«¢¦N¨©,2014HAGIBIS
2014-06-15 03:00:00,180,180.0,7.8,4.2,201407,466910,«¢¦N¨©,2014HAGIBIS
2014-06-15 04:00:00,170,170.0,8.2,4.4,201407,466910,«¢¦N¨©,2014HAGIBIS
2014-06-15 05:00:00,180,180.0,9.0,4.3,201407,466910,«¢¦N¨©,2014HAGIBIS
2014-06-15 06:00:00,180,180.0,8.8,4.0,201407,466910,«¢¦N¨©,2014HAGIBIS
2014-06-15 07:00:00,160,170.0,5.8,2.5,201407,466910,«¢¦N¨©,2014HAGIBIS
2014-06-15 08:00:00,170,170.0,5.5,2.5,201407,466910,«¢¦N¨©,2014HAGIBIS
2014-06-15 09:00:00,180,170.0,8.9,4.0,201407,466910,«¢¦N¨©,2014HAGIBIS
2014-06-15 10:00:00,170,160.0,10.6,3.4,201407,466910,«¢¦N¨©,2014HAGIBIS
2014-06-15 11:00:00,170,160.0,4.3,1.6,201407,466910,«¢¦N¨©,2014HAGIBIS
2014-06-15 12:00:00,360,360.0,4.9,1.5,201407,466910,«¢¦N¨©,2014HAGIBIS
2014-06-15 13:00:00,360,10.0,5.2,2.8,201407,466910,«¢¦N¨©,2014HAGIBIS
2014-06-15 14:00:00,360,360.0,4.8,2.9,201407,466910,«¢¦N¨©,2014HAGIBIS
2014-06-15 15:00:00,190,0.0,2.0,0.2,201407,466910,«¢¦N¨©,2014HAGIBIS
2014-06-15 16:00:00,190,200.0,2.7,0.9,201407,466910,«¢¦N¨©,2014HAGIBIS
2014-06-15 17:00:00,160,200.0,3.5,1.5,201407,466910,«¢¦N¨©,2014HAGIBIS
2014-06-14 23:00:00,100,80.0,3.9,2.5,201407,466920,«¢¦N¨©,2014HAGIBIS
2014-06-14 23:59:00,220,80.0,2.0,1.7,201407,466920,«¢¦N¨©,2014HAGIBIS
2014-06-15 01:00:00,220,200.0,2.9,1.5,201407,466920,«¢¦N¨©,2014HAGIBIS
2014-06-15 02:00:00,210,230.0,2.9,1.8,201407,466920,«¢¦N¨©,2014HAGIBIS
2014-06-15 03:00:00,220,220.0,2.3,1.4,201407,466920,«¢¦N¨©,2014HAGIBIS
2014-06-15 04:00:00,290,270.0,3.4,1.7,201407,466920,«¢¦N¨©,2014HAGIBIS
2014-06-15 05:00:00,280,250.0,3.2,1.5,201407,466920,«¢¦N¨©,2014HAGIBIS
2014-06-15 06:00:00,280,200.0,2.8,1.3,201407,466920,«¢¦N¨©,2014HAGIBIS
2014-06-15 07:00:00,180,190.0,2.6,1.1,201407,466920,«¢¦N¨©,2014HAGIBIS
2014-06-15 08:00:00,280,260.0,4.4,2.3,201407,466920,«¢¦N¨©,2014HAGIBIS
2014-06-15 09:00:00,270,270.0,4.7,2.3,201407,466920,«¢¦N¨©,2014HAGIBIS
2014-06-15 10:00:00,230,210.0,4.7,2.3,201407,466920,«¢¦N¨©,2014HAGIBIS
2014-06-15 11:00:00,280,270.0,3.8,2.0,201407,466920,«¢¦N¨©,2014HAGIBIS
2014-06-15 12:00:00,290,260.0,3.8,1.8,201407,466920,«¢¦N¨©,2014HAGIBIS
2014-06-15 13:00:00,280,290.0,4.2,1.6,201407,466920,«¢¦N¨©,2014HAGIBIS
2014-06-15 14:00:00,290,270.0,3.8,1.4,201407,466920,«¢¦N¨©,2014HAGIBIS
2014-06-15 15:00:00,330,330.0,5.6,1.6,201407,466920,«¢¦N¨©,2014HAGIBIS
2014-06-15 16:00:00,330,310.0,5.0,1.5,201407,466920,«¢¦N¨©,2014HAGIBIS
2014-06-15 17:00:00,330,360.0,3.8,1.1,201407,466920,«¢¦N¨©,2014HAGIBIS
2014-06-14 23:00:00,60,120.0,5.4,1.2,201407,466930,«¢¦N¨©,2014HAGIBIS
2014-06-14 23:59:00,110,80.0,4.3,1.1,201407,466930,«¢¦N¨©,2014HAGIBIS
2014-06-15 01:00:00,220,120.0,4.1,0.8,201407,466930,«¢¦N¨©,2014HAGIBIS
2014-06-15 02:00:00,50,70.0,3.0,1.1,201407,466930,«¢¦N¨©,2014HAGIBIS
2014-06-15 03:00:00,200,120.0,2.2,0.6,201407,466930,«¢¦N¨©,2014HAGIBIS
2014-06-15 04:00:00,80,60.0,1.6,0.7,201407,466930,«¢¦N¨©,2014HAGIBIS
2014-06-15 05:00:00,180,60.0,1.9,0.7,201407,466930,«¢¦N¨©,2014HAGIBIS
2014-06-15 06:00:00,10,350.0,1.5,0.4,201407,466930,«¢¦N¨©,2014HAGIBIS
2014-06-15 07:00:00,220,300.0,3.2,0.8,201407,466930,«¢¦N¨©,2014HAGIBIS
2014-06-15 08:00:00,260,300.0,2.5,0.8,201407,466930,«¢¦N¨©,2014HAGIBIS
2014-06-15 09:00:00,270,210.0,2.7,0.8,201407,466930,«¢¦N¨©,2014HAGIBIS
2014-06-15 10:00:00,190,180.0,4.2,1.4,201407,466930,«¢¦N¨©,2014HAGIBIS
2014-06-15 11:00:00,200,290.0,2.2,0.6,201407,466930,«¢¦N¨©,2014HAGIBIS
2014-06-15 12:00:00,290,260.0,3.5,1.2,201407,466930,«¢¦N¨©,2014HAGIBIS
2014-06-15 13:00:00,280,260.0,4.2,1.4,201407,466930,«¢¦N¨©,2014HAGIBIS
2014-06-15 14:00:00,230,250.0,2.7,1.1,201407,466930,«¢¦N¨©,2014HAGIBIS
2014-06-15 15:00:00,200,210.0,1.6,0.6,201407,466930,«¢¦N¨©,2014HAGIBIS
2014-06-15 16:00:00,200,210.0,1.8,0.8,201407,466930,«¢¦N¨©,2014HAGIBIS
2014-06-15 17:00:00,200,0.0,1.2,0.2,201407,466930,«¢¦N¨©,2014HAGIBIS
2014-06-14 23:00:00,350,320.0,3.2,1.9,201407,466940,«¢¦N¨©,2014HAGIBIS
2014-06-14 23:59:00,310,350.0,3.6,2.2,201407,466940,«¢¦N¨©,2014HAGIBIS
2014-06-15 01:00:00,190,200.0,8.1,2.6,201407,466940,«¢¦N¨©,2014HAGIBIS
2014-06-15 02:00:00,210,160.0,8.0,3.7,201407,466940,«¢¦N¨©,2014HAGIBIS
2014-06-15 03:00:00,250,220.0,5.1,3.2,201407,466940,«¢¦N¨©,2014HAGIBIS
2014-06-15 04:00:00,160,200.0,4.6,2.4,201407,466940,«¢¦N¨©,2014HAGIBIS
2014-06-15 05:00:00,210,230.0,3.7,2.3,201407,466940,«¢¦N¨©,2014HAGIBIS
2014-06-15 06:00:00,200,210.0,4.3,2.4,201407,466940,«¢¦N¨©,2014HAGIBIS
2014-06-15 07:00:00,250,210.0,4.8,3.0,201407,466940,«¢¦N¨©,2014HAGIBIS
2014-06-15 08:00:00,190,210.0,5.2,2.8,201407,466940,«¢¦N¨©,2014HAGIBIS
2014-06-15 09:00:00,220,230.0,7.1,4.5,201407,466940,«¢¦N¨©,2014HAGIBIS
2014-06-15 10:00:00,220,200.0,6.5,3.5,201407,466940,«¢¦N¨©,2014HAGIBIS
2014-06-15 11:00:00,220,220.0,5.4,3.4,201407,466940,«¢¦N¨©,2014HAGIBIS
2014-06-15 12:00:00,270,240.0,4.2,2.4,201407,466940,«¢¦N¨©,2014HAGIBIS
2014-06-15 13:00:00,50,50.0,6.3,4.2,201407,466940,«¢¦N¨©,2014HAGIBIS
2014-06-15 14:00:00,10,20.0,5.8,4.2,201407,466940,«¢¦N¨©,2014HAGIBIS
2014-06-15 15:00:00,50,50.0,4.5,3.5,201407,466940,«¢¦N¨©,2014HAGIBIS
2014-06-15 16:00:00,360,10.0,2.5,1.8,201407,466940,«¢¦N¨©,2014HAGIBIS
2014-06-15 17:00:00,40,30.0,2.7,2.0,201407,466940,«¢¦N¨©,2014HAGIBIS
2014-06-14 23:00:00,100,110.0,10.5,8.3,201407,466950,«¢¦N¨©,2014HAGIBIS
2014-06-14 23:59:00,110,110.0,12.3,8.8,201407,466950,«¢¦N¨©,2014HAGIBIS
2014-06-15 01:00:00,140,120.0,16.3,11.0,201407,466950,«¢¦N¨©,2014HAGIBIS
2014-06-15 02:00:00,140,140.0,18.5,10.9,201407,466950,«¢¦N¨©,2014HAGIBIS
2014-06-15 03:00:00,130,140.0,16.3,11.2,201407,466950,«¢¦N¨©,2014HAGIBIS
2014-06-15 04:00:00,150,150.0,19.6,14.9,201407,466950,«¢¦N¨©,2014HAGIBIS
2014-06-15 05:00:00,150,150.0,18.8,15.0,201407,466950,«¢¦N¨©,2014HAGIBIS
2014-06-15 06:00:00,140,160.0,17.0,12.0,201407,466950,«¢¦N¨©,2014HAGIBIS
2014-06-15 07:00:00,170,180.0,14.0,10.2,201407,466950,«¢¦N¨©,2014HAGIBIS
2014-06-15 08:00:00,180,180.0,10.9,9.1,201407,466950,«¢¦N¨©,2014HAGIBIS
2014-06-15 09:00:00,190,180.0,10.4,8.2,201407,466950,«¢¦N¨©,2014HAGIBIS
2014-06-15 10:00:00,160,180.0,10.2,7.6,201407,466950,«¢¦N¨©,2014HAGIBIS
2014-06-15 11:00:00,190,170.0,11.3,7.9,201407,466950,«¢¦N¨©,2014HAGIBIS
2014-06-15 12:00:00,190,170.0,11.0,7.5,201407,466950,«¢¦N¨©,2014HAGIBIS
2014-06-15 13:00:00,180,170.0,10.8,8.0,201407,466950,«¢¦N¨©,2014HAGIBIS
2014-06-15 14:00:00,180,170.0,11.3,7.8,201407,466950,«¢¦N¨©,2014HAGIBIS
2014-06-15 15:00:00,180,180.0,8.8,7.2,201407,466950,«¢¦N¨©,2014HAGIBIS
2014-06-15 16:00:00,210,210.0,6.3,5.0,201407,466950,«¢¦N¨©,2014HAGIBIS
2014-06-15 17:00:00,250,240.0,6.8,5.7,201407,466950,«¢¦N¨©,2014HAGIBIS
2014-06-14 23:00:00,210,210.0,7.9,5.8,201407,466990,«¢¦N¨©,2014HAGIBIS
2014-06-14 23:59:00,210,200.0,7.2,5.7,201407,466990,«¢¦N¨©,2014HAGIBIS
2014-06-15 01:00:00,220,220.0,9.9,6.3,201407,466990,«¢¦N¨©,2014HAGIBIS
2014-06-15 02:00:00,220,210.0,9.8,6.5,201407,466990,«¢¦N¨©,2014HAGIBIS
2014-06-15 03:00:00,220,220.0,8.7,6.0,201407,466990,«¢¦N¨©,2014HAGIBIS
2014-06-15 04:00:00,220,220.0,3.8,2.8,201407,466990,«¢¦N¨©,2014HAGIBIS
2014-06-15 05:00:00,230,210.0,3.8,2.5,201407,466990,«¢¦N¨©,2014HAGIBIS
2014-06-15 06:00:00,220,220.0,6.9,4.3,201407,466990,«¢¦N¨©,2014HAGIBIS
2014-06-15 07:00:00,230,220.0,6.2,3.7,201407,466990,«¢¦N¨©,2014HAGIBIS
2014-06-15 08:00:00,220,220.0,6.1,4.2,201407,466990,«¢¦N¨©,2014HAGIBIS
2014-06-15 09:00:00,210,200.0,4.8,3.1,201407,466990,«¢¦N¨©,2014HAGIBIS
2014-06-15 10:00:00,180,230.0,3.7,2.4,201407,466990,«¢¦N¨©,2014HAGIBIS
2014-06-15 11:00:00,180,170.0,6.2,4.0,201407,466990,«¢¦N¨©,2014HAGIBIS
2014-06-15 12:00:00,170,180.0,8.6,6.1,201407,466990,«¢¦N¨©,2014HAGIBIS
2014-06-15 13:00:00,170,180.0,9.1,6.6,201407,466990,«¢¦N¨©,2014HAGIBIS
2014-06-15 14:00:00,160,170.0,9.8,6.3,201407,466990,«¢¦N¨©,2014HAGIBIS
2014-06-15 15:00:00,160,170.0,10.8,7.4,201407,466990,«¢¦N¨©,2014HAGIBIS
2014-06-15 16:00:00,180,170.0,9.7,6.7,201407,466990,«¢¦N¨©,2014HAGIBIS
2014-06-15 17:00:00,150,160.0,8.9,6.7,201407,466990,«¢¦N¨©,2014HAGIBIS
2014-06-14 23:00:00,30,10.0,3.0,2.0,201407,467050,«¢¦N¨©,2014HAGIBIS
2014-06-14 23:59:00,10,210.0,1.9,1.4,201407,467050,«¢¦N¨©,2014HAGIBIS
2014-06-15 01:00:00,250,230.0,3.2,2.4,201407,467050,«¢¦N¨©,2014HAGIBIS
2014-06-15 02:00:00,230,220.0,6.4,4.5,201407,467050,«¢¦N¨©,2014HAGIBIS
2014-06-15 03:00:00,220,220.0,8.2,5.6,201407,467050,«¢¦N¨©,2014HAGIBIS
2014-06-15 04:00:00,240,220.0,7.5,5.6,201407,467050,«¢¦N¨©,2014HAGIBIS
2014-06-15 05:00:00,260,250.0,5.3,3.6,201407,467050,«¢¦N¨©,2014HAGIBIS
2014-06-15 06:00:00,240,250.0,3.5,2.7,201407,467050,«¢¦N¨©,2014HAGIBIS
2014-06-15 07:00:00,220,230.0,5.6,3.8,201407,467050,«¢¦N¨©,2014HAGIBIS
2014-06-15 08:00:00,250,230.0,5.7,3.9,201407,467050,«¢¦N¨©,2014HAGIBIS
2014-06-15 09:00:00,240,250.0,5.0,3.4,201407,467050,«¢¦N¨©,2014HAGIBIS
2014-06-15 10:00:00,290,250.0,3.7,2.3,201407,467050,«¢¦N¨©,2014HAGIBIS
2014-06-15 11:00:00,340,330.0,4.7,2.9,201407,467050,«¢¦N¨©,2014HAGIBIS
2014-06-15 12:00:00,340,330.0,4.7,3.1,201407,467050,«¢¦N¨©,2014HAGIBIS
2014-06-15 13:00:00,310,330.0,3.5,2.4,201407,467050,«¢¦N¨©,2014HAGIBIS
2014-06-15 14:00:00,310,310.0,4.4,2.8,201407,467050,«¢¦N¨©,2014HAGIBIS
2014-06-15 15:00:00,350,320.0,3.9,2.7,201407,467050,«¢¦N¨©,2014HAGIBIS
2014-06-15 16:00:00,30,30.0,4.4,3.5,201407,467050,«¢¦N¨©,2014HAGIBIS
2014-06-15 17:00:00,30,20.0,3.7,2.7,201407,467050,«¢¦N¨©,2014HAGIBIS
2014-06-14 23:00:00,150,160.0,10.7,4.1,201407,467060,«¢¦N¨©,2014HAGIBIS
2014-06-14 23:59:00,160,170.0,11.8,5.3,201407,467060,«¢¦N¨©,2014HAGIBIS
2014-06-15 01:00:00,170,170.0,13.6,6.5,201407,467060,«¢¦N¨©,2014HAGIBIS
2014-06-15 02:00:00,140,170.0,12.2,3.2,201407,467060,«¢¦N¨©,2014HAGIBIS
2014-06-15 03:00:00,160,170.0,13.6,7.2,201407,467060,«¢¦N¨©,2014HAGIBIS
2014-06-15 04:00:00,180,180.0,9.5,4.8,201407,467060,«¢¦N¨©,2014HAGIBIS
2014-06-15 05:00:00,120,110.0,4.3,2.5,201407,467060,«¢¦N¨©,2014HAGIBIS
2014-06-15 06:00:00,320,350.0,2.3,0.8,201407,467060,«¢¦N¨©,2014HAGIBIS
2014-06-15 07:00:00,240,250.0,2.5,0.7,201407,467060,«¢¦N¨©,2014HAGIBIS
2014-06-15 08:00:00,230,240.0,2.5,0.8,201407,467060,«¢¦N¨©,2014HAGIBIS
2014-06-15 09:00:00,10,350.0,2.3,0.6,201407,467060,«¢¦N¨©,2014HAGIBIS
2014-06-15 10:00:00,10,20.0,2.3,0.9,201407,467060,«¢¦N¨©,2014HAGIBIS
2014-06-15 11:00:00,90,90.0,2.4,1.0,201407,467060,«¢¦N¨©,2014HAGIBIS
2014-06-15 12:00:00,100,90.0,2.7,1.7,201407,467060,«¢¦N¨©,2014HAGIBIS
2014-06-15 13:00:00,100,70.0,2.6,1.3,201407,467060,«¢¦N¨©,2014HAGIBIS
2014-06-15 14:00:00,130,120.0,2.7,1.6,201407,467060,«¢¦N¨©,2014HAGIBIS
2014-06-15 15:00:00,30,30.0,2.6,1.3,201407,467060,«¢¦N¨©,2014HAGIBIS
2014-06-15 16:00:00,30,40.0,2.5,1.1,201407,467060,«¢¦N¨©,2014HAGIBIS
2014-06-15 17:00:00,40,30.0,2.8,1.4,201407,467060,«¢¦N¨©,2014HAGIBIS
2014-06-14 23:00:00,360,320.0,3.5,2.0,201407,467080,«¢¦N¨©,2014HAGIBIS
2014-06-14 23:59:00,350,290.0,3.8,2.3,201407,467080,«¢¦N¨©,2014HAGIBIS
2014-06-15 01:00:00,340,340.0,4.4,2.6,201407,467080,«¢¦N¨©,2014HAGIBIS
2014-06-15 02:00:00,20,10.0,4.4,2.8,201407,467080,«¢¦N¨©,2014HAGIBIS
2014-06-15 03:00:00,310,300.0,3.1,1.8,201407,467080,«¢¦N¨©,2014HAGIBIS
2014-06-15 04:00:00,20,20.0,4.9,3.3,201407,467080,«¢¦N¨©,2014HAGIBIS
2014-06-15 05:00:00,250,250.0,2.8,1.7,201407,467080,«¢¦N¨©,2014HAGIBIS
2014-06-15 06:00:00,30,30.0,2.7,1.6,201407,467080,«¢¦N¨©,2014HAGIBIS
2014-06-15 07:00:00,20,10.0,4.1,1.9,201407,467080,«¢¦N¨©,2014HAGIBIS
2014-06-15 08:00:00,20,350.0,3.7,2.4,201407,467080,«¢¦N¨©,2014HAGIBIS
2014-06-15 09:00:00,40,30.0,3.0,1.9,201407,467080,«¢¦N¨©,2014HAGIBIS
2014-06-15 10:00:00,40,10.0,3.5,1.8,201407,467080,«¢¦N¨©,2014HAGIBIS
2014-06-15 11:00:00,40,20.0,3.0,2.0,201407,467080,«¢¦N¨©,2014HAGIBIS
2014-06-15 12:00:00,70,60.0,4.0,2.8,201407,467080,«¢¦N¨©,2014HAGIBIS
2014-06-15 13:00:00,50,80.0,4.5,3.1,201407,467080,«¢¦N¨©,2014HAGIBIS
2014-06-15 14:00:00,30,40.0,5.1,3.4,201407,467080,«¢¦N¨©,2014HAGIBIS
2014-06-15 15:00:00,40,50.0,3.8,2.5,201407,467080,«¢¦N¨©,2014HAGIBIS
2014-06-15 16:00:00,50,40.0,4.1,2.8,201407,467080,«¢¦N¨©,2014HAGIBIS
2014-06-15 17:00:00,360,30.0,1.8,0.7,201407,467080,«¢¦N¨©,2014HAGIBIS
2014-06-14 23:00:00,60,70.0,8.9,4.2,201407,467110,«¢¦N¨©,2014HAGIBIS
2014-06-14 23:59:00,80,80.0,7.2,3.8,201407,467110,«¢¦N¨©,2014HAGIBIS
2014-06-15 01:00:00,60,80.0,6.7,3.5,201407,467110,«¢¦N¨©,2014HAGIBIS
2014-06-15 02:00:00,90,80.0,8.1,4.1,201407,467110,«¢¦N¨©,2014HAGIBIS
2014-06-15 03:00:00,40,60.0,8.2,3.6,201407,467110,«¢¦N¨©,2014HAGIBIS
2014-06-15 04:00:00,50,70.0,9.3,4.3,201407,467110,«¢¦N¨©,2014HAGIBIS
2014-06-15 05:00:00,50,60.0,10.2,4.2,201407,467110,«¢¦N¨©,2014HAGIBIS
2014-06-15 06:00:00,30,50.0,9.5,4.3,201407,467110,«¢¦N¨©,2014HAGIBIS
2014-06-15 07:00:00,50,50.0,12.1,5.1,201407,467110,«¢¦N¨©,2014HAGIBIS
2014-06-15 08:00:00,50,50.0,12.7,5.5,201407,467110,«¢¦N¨©,2014HAGIBIS
2014-06-15 09:00:00,10,50.0,10.2,4.9,201407,467110,«¢¦N¨©,2014HAGIBIS
2014-06-15 10:00:00,40,50.0,11.0,4.8,201407,467110,«¢¦N¨©,2014HAGIBIS
2014-06-15 11:00:00,60,60.0,10.8,5.0,201407,467110,«¢¦N¨©,2014HAGIBIS
2014-06-15 12:00:00,50,60.0,10.6,4.6,201407,467110,«¢¦N¨©,2014HAGIBIS
2014-06-15 13:00:00,80,60.0,8.9,4.4,201407,467110,«¢¦N¨©,2014HAGIBIS
2014-06-15 14:00:00,80,70.0,10.0,4.9,201407,467110,«¢¦N¨©,2014HAGIBIS
2014-06-15 15:00:00,60,70.0,9.1,4.6,201407,467110,«¢¦N¨©,2014HAGIBIS
2014-06-15 16:00:00,50,70.0,9.7,5.1,201407,467110,«¢¦N¨©,2014HAGIBIS
2014-06-15 17:00:00,60,70.0,8.6,5.0,201407,467110,«¢¦N¨©,2014HAGIBIS
2014-06-14 23:00:00,40,40.0,6.7,5.4,201407,467300,«¢¦N¨©,2014HAGIBIS
2014-06-14 23:59:00,20,50.0,5.4,4.2,201407,467300,«¢¦N¨©,2014HAGIBIS
2014-06-15 01:00:00,80,80.0,8.0,5.6,201407,467300,«¢¦N¨©,2014HAGIBIS
2014-06-15 02:00:00,60,60.0,6.9,5.6,201407,467300,«¢¦N¨©,2014HAGIBIS
2014-06-15 03:00:00,60,60.0,9.6,7.9,201407,467300,«¢¦N¨©,2014HAGIBIS
2014-06-15 04:00:00,70,60.0,9.8,8.1,201407,467300,«¢¦N¨©,2014HAGIBIS
2014-06-15 05:00:00,80,80.0,10.8,8.5,201407,467300,«¢¦N¨©,2014HAGIBIS
2014-06-15 06:00:00,150,100.0,15.4,9.8,201407,467300,«¢¦N¨©,2014HAGIBIS
2014-06-15 07:00:00,130,120.0,13.2,9.2,201407,467300,«¢¦N¨©,2014HAGIBIS
2014-06-15 08:00:00,150,150.0,15.5,10.4,201407,467300,«¢¦N¨©,2014HAGIBIS
2014-06-15 09:00:00,140,150.0,16.7,13.0,201407,467300,«¢¦N¨©,2014HAGIBIS
2014-06-15 10:00:00,180,160.0,19.3,12.7,201407,467300,«¢¦N¨©,2014HAGIBIS
2014-06-15 11:00:00,160,150.0,14.1,11.6,201407,467300,«¢¦N¨©,2014HAGIBIS
2014-06-15 12:00:00,160,140.0,13.9,10.4,201407,467300,«¢¦N¨©,2014HAGIBIS
2014-06-15 13:00:00,150,150.0,13.5,10.3,201407,467300,«¢¦N¨©,2014HAGIBIS
2014-06-15 14:00:00,160,150.0,13.7,10.5,201407,467300,«¢¦N¨©,2014HAGIBIS
2014-06-15 15:00:00,150,150.0,13.9,11.0,201407,467300,«¢¦N¨©,2014HAGIBIS
2014-06-15 16:00:00,160,150.0,13.6,10.6,201407,467300,«¢¦N¨©,2014HAGIBIS
2014-06-15 17:00:00,160,160.0,14.3,11.2,201407,467300,«¢¦N¨©,2014HAGIBIS
2014-06-14 23:00:00,90,50.0,4.0,1.9,201407,467350,«¢¦N¨©,2014HAGIBIS
2014-06-14 23:59:00,30,40.0,4.4,2.2,201407,467350,«¢¦N¨©,2014HAGIBIS
2014-06-15 01:00:00,40,120.0,5.3,3.0,201407,467350,«¢¦N¨©,2014HAGIBIS
2014-06-15 02:00:00,100,110.0,3.7,2.4,201407,467350,«¢¦N¨©,2014HAGIBIS
2014-06-15 03:00:00,30,40.0,5.3,2.7,201407,467350,«¢¦N¨©,2014HAGIBIS
2014-06-15 04:00:00,40,40.0,5.8,3.4,201407,467350,«¢¦N¨©,2014HAGIBIS
2014-06-15 05:00:00,40,40.0,7.0,3.2,201407,467350,«¢¦N¨©,2014HAGIBIS
2014-06-15 06:00:00,30,40.0,7.0,3.0,201407,467350,«¢¦N¨©,2014HAGIBIS
2014-06-15 07:00:00,100,80.0,7.7,3.7,201407,467350,«¢¦N¨©,2014HAGIBIS
2014-06-15 08:00:00,110,110.0,9.7,4.6,201407,467350,«¢¦N¨©,2014HAGIBIS
2014-06-15 09:00:00,110,110.0,8.5,4.3,201407,467350,«¢¦N¨©,2014HAGIBIS
2014-06-15 10:00:00,140,150.0,11.7,5.6,201407,467350,«¢¦N¨©,2014HAGIBIS
2014-06-15 11:00:00,130,140.0,9.4,5.3,201407,467350,«¢¦N¨©,2014HAGIBIS
2014-06-15 12:00:00,170,140.0,10.9,5.5,201407,467350,«¢¦N¨©,2014HAGIBIS
2014-06-15 13:00:00,150,140.0,10.1,5.4,201407,467350,«¢¦N¨©,2014HAGIBIS
2014-06-15 14:00:00,160,150.0,11.3,5.0,201407,467350,«¢¦N¨©,2014HAGIBIS
2014-06-15 15:00:00,150,150.0,11.1,3.9,201407,467350,«¢¦N¨©,2014HAGIBIS
2014-06-15 16:00:00,140,150.0,10.7,3.9,201407,467350,«¢¦N¨©,2014HAGIBIS
2014-06-15 17:00:00,150,150.0,11.6,3.2,201407,467350,«¢¦N¨©,2014HAGIBIS
2014-06-14 23:00:00,340,350.0,4.6,3.0,201407,467410,«¢¦N¨©,2014HAGIBIS
2014-06-14 23:59:00,360,10.0,3.5,2.0,201407,467410,«¢¦N¨©,2014HAGIBIS
2014-06-15 01:00:00,60,80.0,2.6,1.5,201407,467410,«¢¦N¨©,2014HAGIBIS
2014-06-15 02:00:00,80,50.0,3.9,2.3,201407,467410,«¢¦N¨©,2014HAGIBIS
2014-06-15 03:00:00,80,80.0,5.5,3.4,201407,467410,«¢¦N¨©,2014HAGIBIS
2014-06-15 04:00:00,100,100.0,4.9,3.2,201407,467410,«¢¦N¨©,2014HAGIBIS
2014-06-15 05:00:00,130,140.0,7.9,4.1,201407,467410,«¢¦N¨©,2014HAGIBIS
2014-06-15 06:00:00,170,160.0,9.0,5.4,201407,467410,«¢¦N¨©,2014HAGIBIS
2014-06-15 07:00:00,170,170.0,9.9,5.9,201407,467410,«¢¦N¨©,2014HAGIBIS
2014-06-15 08:00:00,160,160.0,9.4,4.7,201407,467410,«¢¦N¨©,2014HAGIBIS
2014-06-15 09:00:00,150,160.0,12.4,6.3,201407,467410,«¢¦N¨©,2014HAGIBIS
2014-06-15 10:00:00,170,170.0,11.9,6.7,201407,467410,«¢¦N¨©,2014HAGIBIS
2014-06-15 11:00:00,180,170.0,7.1,4.6,201407,467410,«¢¦N¨©,2014HAGIBIS
2014-06-15 12:00:00,160,170.0,9.6,5.8,201407,467410,«¢¦N¨©,2014HAGIBIS
2014-06-15 13:00:00,170,160.0,11.4,6.5,201407,467410,«¢¦N¨©,2014HAGIBIS
2014-06-15 14:00:00,170,170.0,11.7,6.2,201407,467410,«¢¦N¨©,2014HAGIBIS
2014-06-15 15:00:00,170,170.0,9.2,5.7,201407,467410,«¢¦N¨©,2014HAGIBIS
2014-06-15 16:00:00,180,170.0,8.8,5.8,201407,467410,«¢¦N¨©,2014HAGIBIS
2014-06-15 17:00:00,180,170.0,8.6,5.3,201407,467410,«¢¦N¨©,2014HAGIBIS
2014-06-14 23:00:00,280,280.0,4.1,2.9,201407,467420,«¢¦N¨©,2014HAGIBIS
2014-06-14 23:59:00,330,280.0,3.0,2.4,201407,467420,«¢¦N¨©,2014HAGIBIS
2014-06-15 01:00:00,40,310.0,2.5,1.4,201407,467420,«¢¦N¨©,2014HAGIBIS
2014-06-15 02:00:00,40,30.0,3.2,1.9,201407,467420,«¢¦N¨©,2014HAGIBIS
2014-06-15 03:00:00,160,100.0,4.5,2.4,201407,467420,«¢¦N¨©,2014HAGIBIS
2014-06-15 04:00:00,100,60.0,3.6,1.2,201407,467420,«¢¦N¨©,2014HAGIBIS
2014-06-15 05:00:00,110,110.0,4.8,3.3,201407,467420,«¢¦N¨©,2014HAGIBIS
2014-06-15 06:00:00,170,160.0,8.6,4.7,201407,467420,«¢¦N¨©,2014HAGIBIS
2014-06-15 07:00:00,160,160.0,8.8,5.0,201407,467420,«¢¦N¨©,2014HAGIBIS
2014-06-15 08:00:00,170,160.0,8.3,4.8,201407,467420,«¢¦N¨©,2014HAGIBIS
2014-06-15 09:00:00,120,150.0,12.9,6.8,201407,467420,«¢¦N¨©,2014HAGIBIS
2014-06-15 10:00:00,170,150.0,11.6,7.1,201407,467420,«¢¦N¨©,2014HAGIBIS
2014-06-15 11:00:00,160,160.0,8.2,4.7,201407,467420,«¢¦N¨©,2014HAGIBIS
2014-06-15 12:00:00,180,160.0,8.9,5.3,201407,467420,«¢¦N¨©,2014HAGIBIS
2014-06-15 13:00:00,150,150.0,12.1,7.0,201407,467420,«¢¦N¨©,2014HAGIBIS
2014-06-15 14:00:00,170,170.0,10.9,6.3,201407,467420,«¢¦N¨©,2014HAGIBIS
2014-06-15 15:00:00,160,150.0,9.5,5.4,201407,467420,«¢¦N¨©,2014HAGIBIS
2014-06-15 16:00:00,160,160.0,9.7,5.8,201407,467420,«¢¦N¨©,2014HAGIBIS
2014-06-15 17:00:00,180,170.0,9.9,6.3,201407,467420,«¢¦N¨©,2014HAGIBIS
2014-06-14 23:00:00,150,150.0,6.0,2.9,201407,467440,«¢¦N¨©,2014HAGIBIS
2014-06-14 23:59:00,40,40.0,5.2,3.0,201407,467440,«¢¦N¨©,2014HAGIBIS
2014-06-15 01:00:00,40,50.0,5.3,2.6,201407,467440,«¢¦N¨©,2014HAGIBIS
2014-06-15 02:00:00,40,60.0,5.2,2.6,201407,467440,«¢¦N¨©,2014HAGIBIS
2014-06-15 03:00:00,130,60.0,7.2,2.5,201407,467440,«¢¦N¨©,2014HAGIBIS
2014-06-15 04:00:00,160,150.0,10.2,5.4,201407,467440,«¢¦N¨©,2014HAGIBIS
2014-06-15 05:00:00,160,150.0,11.9,6.3,201407,467440,«¢¦N¨©,2014HAGIBIS
2014-06-15 06:00:00,140,140.0,12.2,6.1,201407,467440,«¢¦N¨©,2014HAGIBIS
2014-06-15 07:00:00,160,160.0,11.8,4.8,201407,467440,«¢¦N¨©,2014HAGIBIS
2014-06-15 08:00:00,150,150.0,10.0,4.9,201407,467440,«¢¦N¨©,2014HAGIBIS
2014-06-15 09:00:00,140,150.0,9.7,5.2,201407,467440,«¢¦N¨©,2014HAGIBIS
2014-06-15 10:00:00,150,150.0,11.1,5.8,201407,467440,«¢¦N¨©,2014HAGIBIS
2014-06-15 11:00:00,140,170.0,10.4,5.8,201407,467440,«¢¦N¨©,2014HAGIBIS
2014-06-15 12:00:00,170,170.0,10.6,5.3,201407,467440,«¢¦N¨©,2014HAGIBIS
2014-06-15 13:00:00,150,150.0,14.7,4.6,201407,467440,«¢¦N¨©,2014HAGIBIS
2014-06-15 14:00:00,140,150.0,12.6,4.9,201407,467440,«¢¦N¨©,2014HAGIBIS
2014-06-15 15:00:00,140,150.0,6.8,3.7,201407,467440,«¢¦N¨©,2014HAGIBIS
2014-06-15 16:00:00,150,150.0,8.0,3.8,201407,467440,«¢¦N¨©,2014HAGIBIS
2014-06-15 17:00:00,170,170.0,7.9,4.3,201407,467440,«¢¦N¨©,2014HAGIBIS
2014-06-14 23:00:00,240,240.0,3.0,2.2,201407,467480,«¢¦N¨©,2014HAGIBIS
2014-06-14 23:59:00,220,220.0,3.9,2.8,201407,467480,«¢¦N¨©,2014HAGIBIS
2014-06-15 01:00:00,230,240.0,3.7,2.5,201407,467480,«¢¦N¨©,2014HAGIBIS
2014-06-15 02:00:00,230,200.0,2.9,2.1,201407,467480,«¢¦N¨©,2014HAGIBIS
2014-06-15 03:00:00,240,230.0,3.1,2.4,201407,467480,«¢¦N¨©,2014HAGIBIS
2014-06-15 04:00:00,230,230.0,3.2,2.0,201407,467480,«¢¦N¨©,2014HAGIBIS
2014-06-15 05:00:00,10,10.0,3.3,2.3,201407,467480,«¢¦N¨©,2014HAGIBIS
2014-06-15 06:00:00,350,10.0,3.9,2.2,201407,467480,«¢¦N¨©,2014HAGIBIS
2014-06-15 07:00:00,360,30.0,2.4,1.8,201407,467480,«¢¦N¨©,2014HAGIBIS
2014-06-15 08:00:00,360,360.0,3.7,2.7,201407,467480,«¢¦N¨©,2014HAGIBIS
2014-06-15 09:00:00,70,40.0,3.9,2.6,201407,467480,«¢¦N¨©,2014HAGIBIS
2014-06-15 10:00:00,50,50.0,3.2,2.5,201407,467480,«¢¦N¨©,2014HAGIBIS
2014-06-15 11:00:00,210,200.0,8.1,3.5,201407,467480,«¢¦N¨©,2014HAGIBIS
2014-06-15 12:00:00,220,200.0,5.4,3.3,201407,467480,«¢¦N¨©,2014HAGIBIS
2014-06-15 13:00:00,220,190.0,8.8,4.1,201407,467480,«¢¦N¨©,2014HAGIBIS
2014-06-15 14:00:00,210,220.0,9.5,5.0,201407,467480,«¢¦N¨©,2014HAGIBIS
2014-06-15 15:00:00,210,190.0,9.2,4.3,201407,467480,«¢¦N¨©,2014HAGIBIS
2014-06-15 16:00:00,160,180.0,8.6,3.9,201407,467480,«¢¦N¨©,2014HAGIBIS
2014-06-15 17:00:00,150,180.0,8.3,4.0,201407,467480,«¢¦N¨©,2014HAGIBIS
2014-06-14 23:00:00,220,240.0,1.7,0.7,201407,467490,«¢¦N¨©,2014HAGIBIS
2014-06-14 23:59:00,200,160.0,3.0,1.6,201407,467490,«¢¦N¨©,2014HAGIBIS
2014-06-15 01:00:00,160,170.0,3.0,1.6,201407,467490,«¢¦N¨©,2014HAGIBIS
2014-06-15 02:00:00,170,180.0,4.3,1.9,201407,467490,«¢¦N¨©,2014HAGIBIS
2014-06-15 03:00:00,150,180.0,4.0,1.9,201407,467490,«¢¦N¨©,2014HAGIBIS
2014-06-15 04:00:00,180,170.0,4.6,2.4,201407,467490,«¢¦N¨©,2014HAGIBIS
2014-06-15 05:00:00,240,250.0,2.7,1.2,201407,467490,«¢¦N¨©,2014HAGIBIS
2014-06-15 06:00:00,270,250.0,1.9,0.9,201407,467490,«¢¦N¨©,2014HAGIBIS
2014-06-15 07:00:00,250,260.0,1.9,1.0,201407,467490,«¢¦N¨©,2014HAGIBIS
2014-06-15 08:00:00,20,10.0,2.9,1.5,201407,467490,«¢¦N¨©,2014HAGIBIS
2014-06-15 09:00:00,360,360.0,3.4,2.0,201407,467490,«¢¦N¨©,2014HAGIBIS
2014-06-15 10:00:00,360,360.0,3.3,1.8,201407,467490,«¢¦N¨©,2014HAGIBIS
2014-06-15 11:00:00,320,350.0,5.0,3.2,201407,467490,«¢¦N¨©,2014HAGIBIS
2014-06-15 12:00:00,340,320.0,3.2,1.7,201407,467490,«¢¦N¨©,2014HAGIBIS
2014-06-15 13:00:00,230,220.0,2.4,1.2,201407,467490,«¢¦N¨©,2014HAGIBIS
2014-06-15 14:00:00,260,250.0,2.6,1.1,201407,467490,«¢¦N¨©,2014HAGIBIS
2014-06-15 15:00:00,70,190.0,4.3,1.8,201407,467490,«¢¦N¨©,2014HAGIBIS
2014-06-15 16:00:00,20,100.0,3.1,1.2,201407,467490,«¢¦N¨©,2014HAGIBIS
2014-06-15 17:00:00,80,80.0,2.7,1.4,201407,467490,«¢¦N¨©,2014HAGIBIS
2014-06-14 23:00:00,60,350.0,4.1,1.6,201407,467530,«¢¦N¨©,2014HAGIBIS
2014-06-14 23:59:00,90,80.0,4.6,2.0,201407,467530,«¢¦N¨©,2014HAGIBIS
2014-06-15 01:00:00,90,70.0,4.5,1.8,201407,467530,«¢¦N¨©,2014HAGIBIS
2014-06-15 02:00:00,210,230.0,3.4,1.8,201407,467530,«¢¦N¨©,2014HAGIBIS
2014-06-15 03:00:00,260,220.0,3.6,1.6,201407,467530,«¢¦N¨©,2014HAGIBIS
2014-06-15 04:00:00,200,170.0,3.7,2.0,201407,467530,«¢¦N¨©,2014HAGIBIS
2014-06-15 05:00:00,180,160.0,3.2,1.9,201407,467530,«¢¦N¨©,2014HAGIBIS
2014-06-15 06:00:00,180,190.0,5.1,2.2,201407,467530,«¢¦N¨©,2014HAGIBIS
2014-06-15 07:00:00,250,270.0,3.0,1.6,201407,467530,«¢¦N¨©,2014HAGIBIS
2014-06-15 08:00:00,90,90.0,3.3,1.3,201407,467530,«¢¦N¨©,2014HAGIBIS
2014-06-15 09:00:00,160,130.0,3.6,1.3,201407,467530,«¢¦N¨©,2014HAGIBIS
2014-06-15 10:00:00,160,210.0,3.3,0.9,201407,467530,«¢¦N¨©,2014HAGIBIS
2014-06-15 11:00:00,240,220.0,3.3,1.5,201407,467530,«¢¦N¨©,2014HAGIBIS
2014-06-15 12:00:00,280,300.0,4.5,2.0,201407,467530,«¢¦N¨©,2014HAGIBIS
2014-06-15 13:00:00,280,310.0,4.8,1.9,201407,467530,«¢¦N¨©,2014HAGIBIS
2014-06-15 14:00:00,250,270.0,5.0,1.9,201407,467530,«¢¦N¨©,2014HAGIBIS
2014-06-15 15:00:00,220,160.0,5.8,2.1,201407,467530,«¢¦N¨©,2014HAGIBIS
2014-06-15 16:00:00,160,170.0,5.4,2.6,201407,467530,«¢¦N¨©,2014HAGIBIS
2014-06-15 17:00:00,160,160.0,3.8,1.8,201407,467530,«¢¦N¨©,2014HAGIBIS
2014-06-14 23:00:00,320,310.0,6.0,2.4,201407,467540,«¢¦N¨©,2014HAGIBIS
2014-06-14 23:59:00,30,320.0,2.6,1.6,201407,467540,«¢¦N¨©,2014HAGIBIS
2014-06-15 01:00:00,330,340.0,3.2,1.7,201407,467540,«¢¦N¨©,2014HAGIBIS
2014-06-15 02:00:00,340,350.0,2.8,1.4,201407,467540,«¢¦N¨©,2014HAGIBIS
2014-06-15 03:00:00,200,280.0,2.8,1.6,201407,467540,«¢¦N¨©,2014HAGIBIS
2014-06-15 04:00:00,310,300.0,4.4,3.2,201407,467540,«¢¦N¨©,2014HAGIBIS
2014-06-15 05:00:00,30,30.0,6.1,3.4,201407,467540,«¢¦N¨©,2014HAGIBIS
2014-06-15 06:00:00,30,30.0,5.0,3.2,201407,467540,«¢¦N¨©,2014HAGIBIS
2014-06-15 07:00:00,350,310.0,2.3,1.5,201407,467540,«¢¦N¨©,2014HAGIBIS
2014-06-15 08:00:00,30,30.0,4.7,2.8,201407,467540,«¢¦N¨©,2014HAGIBIS
2014-06-15 09:00:00,50,40.0,5.5,2.9,201407,467540,«¢¦N¨©,2014HAGIBIS
2014-06-15 10:00:00,40,40.0,3.5,1.8,201407,467540,«¢¦N¨©,2014HAGIBIS
2014-06-15 11:00:00,40,30.0,4.8,2.7,201407,467540,«¢¦N¨©,2014HAGIBIS
2014-06-15 12:00:00,30,30.0,5.2,3.0,201407,467540,«¢¦N¨©,2014HAGIBIS
2014-06-15 13:00:00,30,30.0,4.7,2.6,201407,467540,«¢¦N¨©,2014HAGIBIS
2014-06-15 14:00:00,30,30.0,3.2,2.0,201407,467540,«¢¦N¨©,2014HAGIBIS
2014-06-15 15:00:00,20,40.0,2.6,1.4,201407,467540,«¢¦N¨©,2014HAGIBIS
2014-06-15 16:00:00,20,40.0,2.7,1.5,201407,467540,«¢¦N¨©,2014HAGIBIS
2014-06-15 17:00:00,30,30.0,3.3,1.9,201407,467540,«¢¦N¨©,2014HAGIBIS
2014-06-14 23:00:00,160,160.0,21.9,17.6,201407,467550,«¢¦N¨©,2014HAGIBIS
2014-06-14 23:59:00,130,140.0,20.0,14.6,201407,467550,«¢¦N¨©,2014HAGIBIS
2014-06-15 01:00:00,130,130.0,19.7,15.1,201407,467550,«¢¦N¨©,2014HAGIBIS
2014-06-15 02:00:00,140,140.0,20.0,14.8,201407,467550,«¢¦N¨©,2014HAGIBIS
2014-06-15 03:00:00,170,160.0,21.4,15.5,201407,467550,«¢¦N¨©,2014HAGIBIS
2014-06-15 04:00:00,170,160.0,19.0,14.0,201407,467550,«¢¦N¨©,2014HAGIBIS
2014-06-15 05:00:00,170,170.0,20.3,15.4,201407,467550,«¢¦N¨©,2014HAGIBIS
2014-06-15 06:00:00,170,170.0,21.0,15.7,201407,467550,«¢¦N¨©,2014HAGIBIS
2014-06-15 07:00:00,170,170.0,20.6,15.2,201407,467550,«¢¦N¨©,2014HAGIBIS
2014-06-15 08:00:00,170,170.0,18.4,12.1,201407,467550,«¢¦N¨©,2014HAGIBIS
2014-06-15 09:00:00,170,170.0,19.5,13.7,201407,467550,«¢¦N¨©,2014HAGIBIS
2014-06-15 10:00:00,240,200.0,16.3,10.3,201407,467550,«¢¦N¨©,2014HAGIBIS
2014-06-15 11:00:00,170,170.0,16.5,10.6,201407,467550,«¢¦N¨©,2014HAGIBIS
2014-06-15 12:00:00,190,220.0,9.6,5.5,201407,467550,«¢¦N¨©,2014HAGIBIS
2014-06-15 13:00:00,220,200.0,17.1,8.1,201407,467550,«¢¦N¨©,2014HAGIBIS
2014-06-15 14:00:00,220,210.0,15.6,9.6,201407,467550,«¢¦N¨©,2014HAGIBIS
2014-06-15 15:00:00,210,210.0,15.6,8.9,201407,467550,«¢¦N¨©,2014HAGIBIS
2014-06-15 16:00:00,210,200.0,18.9,12.6,201407,467550,«¢¦N¨©,2014HAGIBIS
2014-06-15 17:00:00,230,200.0,15.9,10.5,201407,467550,«¢¦N¨©,2014HAGIBIS
2014-06-14 23:00:00,60,60.0,2.3,1.3,201407,467571,«¢¦N¨©,2014HAGIBIS
2014-06-14 23:59:00,290,290.0,2.6,1.7,201407,467571,«¢¦N¨©,2014HAGIBIS
2014-06-15 01:00:00,160,190.0,3.3,1.1,201407,467571,«¢¦N¨©,2014HAGIBIS
2014-06-15 02:00:00,180,220.0,3.2,1.0,201407,467571,«¢¦N¨©,2014HAGIBIS
2014-06-15 03:00:00,280,210.0,3.1,1.0,201407,467571,«¢¦N¨©,2014HAGIBIS
2014-06-15 04:00:00,290,280.0,4.0,1.6,201407,467571,«¢¦N¨©,2014HAGIBIS
2014-06-15 05:00:00,270,260.0,2.5,1.0,201407,467571,«¢¦N¨©,2014HAGIBIS
2014-06-15 06:00:00,290,280.0,3.4,1.1,201407,467571,«¢¦N¨©,2014HAGIBIS
2014-06-15 07:00:00,290,280.0,4.6,1.8,201407,467571,«¢¦N¨©,2014HAGIBIS
2014-06-15 08:00:00,280,270.0,3.3,1.3,201407,467571,«¢¦N¨©,2014HAGIBIS
2014-06-15 09:00:00,280,290.0,4.7,2.5,201407,467571,«¢¦N¨©,2014HAGIBIS
2014-06-15 10:00:00,290,290.0,3.3,1.9,201407,467571,«¢¦N¨©,2014HAGIBIS
2014-06-15 11:00:00,290,290.0,2.9,2.0,201407,467571,«¢¦N¨©,2014HAGIBIS
2014-06-15 12:00:00,290,290.0,3.5,2.0,201407,467571,«¢¦N¨©,2014HAGIBIS
2014-06-15 13:00:00,280,290.0,3.1,1.8,201407,467571,«¢¦N¨©,2014HAGIBIS
2014-06-15 14:00:00,290,300.0,3.2,1.4,201407,467571,«¢¦N¨©,2014HAGIBIS
2014-06-15 15:00:00,70,10.0,2.9,1.4,201407,467571,«¢¦N¨©,2014HAGIBIS
2014-06-15 16:00:00,50,60.0,3.4,2.0,201407,467571,«¢¦N¨©,2014HAGIBIS
2014-06-15 17:00:00,10,360.0,3.6,1.9,201407,467571,«¢¦N¨©,2014HAGIBIS
2014-06-14 23:00:00,90,90.0,4.3,2.0,201407,467590,«¢¦N¨©,2014HAGIBIS
2014-06-14 23:59:00,70,90.0,6.8,3.5,201407,467590,«¢¦N¨©,2014HAGIBIS
2014-06-15 01:00:00,80,90.0,6.6,3.5,201407,467590,«¢¦N¨©,2014HAGIBIS
2014-06-15 02:00:00,100,90.0,6.0,3.4,201407,467590,«¢¦N¨©,2014HAGIBIS
2014-06-15 03:00:00,110,100.0,6.2,3.3,201407,467590,«¢¦N¨©,2014HAGIBIS
2014-06-15 04:00:00,130,130.0,7.8,3.7,201407,467590,«¢¦N¨©,2014HAGIBIS
2014-06-15 05:00:00,120,140.0,6.8,3.2,201407,467590,«¢¦N¨©,2014HAGIBIS
2014-06-15 06:00:00,140,140.0,6.8,3.0,201407,467590,«¢¦N¨©,2014HAGIBIS
2014-06-15 07:00:00,190,170.0,9.5,3.4,201407,467590,«¢¦N¨©,2014HAGIBIS
2014-06-15 08:00:00,170,170.0,7.3,4.0,201407,467590,«¢¦N¨©,2014HAGIBIS
2014-06-15 09:00:00,150,150.0,5.7,3.0,201407,467590,«¢¦N¨©,2014HAGIBIS
2014-06-15 10:00:00,180,170.0,6.7,3.5,201407,467590,«¢¦N¨©,2014HAGIBIS
2014-06-15 11:00:00,160,160.0,7.0,3.8,201407,467590,«¢¦N¨©,2014HAGIBIS
2014-06-15 12:00:00,170,160.0,5.7,3.0,201407,467590,«¢¦N¨©,2014HAGIBIS
2014-06-15 13:00:00,200,170.0,8.0,4.2,201407,467590,«¢¦N¨©,2014HAGIBIS
2014-06-15 14:00:00,170,170.0,6.7,3.7,201407,467590,«¢¦N¨©,2014HAGIBIS
2014-06-15 15:00:00,190,180.0,6.4,3.5,201407,467590,«¢¦N¨©,2014HAGIBIS
2014-06-15 16:00:00,200,170.0,5.5,3.0,201407,467590,«¢¦N¨©,2014HAGIBIS
2014-06-15 17:00:00,150,170.0,6.4,3.2,201407,467590,«¢¦N¨©,2014HAGIBIS
2014-06-14 23:00:00,10,10.0,4.4,2.9,201407,467610,«¢¦N¨©,2014HAGIBIS
2014-06-14 23:59:00,330,340.0,5.6,3.5,201407,467610,«¢¦N¨©,2014HAGIBIS
2014-06-15 01:00:00,240,340.0,5.4,3.3,201407,467610,«¢¦N¨©,2014HAGIBIS
2014-06-15 02:00:00,30,30.0,4.2,2.5,201407,467610,«¢¦N¨©,2014HAGIBIS
2014-06-15 03:00:00,40,30.0,3.6,2.2,201407,467610,«¢¦N¨©,2014HAGIBIS
2014-06-15 04:00:00,10,10.0,2.7,1.9,201407,467610,«¢¦N¨©,2014HAGIBIS
2014-06-15 05:00:00,340,340.0,3.6,2.8,201407,467610,«¢¦N¨©,2014HAGIBIS
2014-06-15 06:00:00,280,330.0,2.3,1.6,201407,467610,«¢¦N¨©,2014HAGIBIS
2014-06-15 07:00:00,290,290.0,2.0,1.7,201407,467610,«¢¦N¨©,2014HAGIBIS
2014-06-15 08:00:00,310,310.0,2.3,1.5,201407,467610,«¢¦N¨©,2014HAGIBIS
2014-06-15 09:00:00,280,320.0,1.9,1.2,201407,467610,«¢¦N¨©,2014HAGIBIS
2014-06-15 10:00:00,190,150.0,3.4,1.4,201407,467610,«¢¦N¨©,2014HAGIBIS
2014-06-15 11:00:00,220,250.0,1.6,0.7,201407,467610,«¢¦N¨©,2014HAGIBIS
2014-06-15 12:00:00,170,170.0,3.3,1.8,201407,467610,«¢¦N¨©,2014HAGIBIS
2014-06-15 13:00:00,180,170.0,3.7,1.9,201407,467610,«¢¦N¨©,2014HAGIBIS
2014-06-15 14:00:00,170,999.9,5.8,1.6,201407,467610,«¢¦N¨©,2014HAGIBIS
2014-06-15 15:00:00,170,190.0,8.2,4.0,201407,467610,«¢¦N¨©,2014HAGIBIS
2014-06-15 16:00:00,190,190.0,10.0,6.2,201407,467610,«¢¦N¨©,2014HAGIBIS
2014-06-15 17:00:00,200,180.0,10.7,6.8,201407,467610,«¢¦N¨©,2014HAGIBIS
2014-06-14 23:00:00,170,170.0,14.9,9.0,201407,467620,«¢¦N¨©,2014HAGIBIS
2014-06-14 23:59:00,210,190.0,16.3,9.9,201407,467620,«¢¦N¨©,2014HAGIBIS
2014-06-15 01:00:00,250,250.0,16.8,12.9,201407,467620,«¢¦N¨©,2014HAGIBIS
2014-06-15 02:00:00,220,210.0,17.8,13.1,201407,467620,«¢¦N¨©,2014HAGIBIS
2014-06-15 03:00:00,180,190.0,19.4,12.9,201407,467620,«¢¦N¨©,2014HAGIBIS
2014-06-15 04:00:00,200,190.0,15.5,10.4,201407,467620,«¢¦N¨©,2014HAGIBIS
2014-06-15 05:00:00,240,230.0,12.9,8.9,201407,467620,«¢¦N¨©,2014HAGIBIS
2014-06-15 06:00:00,210,200.0,14.7,9.8,201407,467620,«¢¦N¨©,2014HAGIBIS
2014-06-15 07:00:00,210,210.0,10.9,8.6,201407,467620,«¢¦N¨©,2014HAGIBIS
2014-06-15 08:00:00,210,210.0,12.6,9.4,201407,467620,«¢¦N¨©,2014HAGIBIS
2014-06-15 09:00:00,210,210.0,13.5,9.9,201407,467620,«¢¦N¨©,2014HAGIBIS
2014-06-15 10:00:00,230,210.0,15.4,10.3,201407,467620,«¢¦N¨©,2014HAGIBIS
2014-06-15 11:00:00,220,220.0,12.6,10.0,201407,467620,«¢¦N¨©,2014HAGIBIS
2014-06-15 12:00:00,210,220.0,12.9,8.8,201407,467620,«¢¦N¨©,2014HAGIBIS
2014-06-15 13:00:00,210,210.0,12.4,9.2,201407,467620,«¢¦N¨©,2014HAGIBIS
2014-06-15 14:00:00,220,220.0,13.1,9.3,201407,467620,«¢¦N¨©,2014HAGIBIS
2014-06-15 15:00:00,210,210.0,12.7,8.8,201407,467620,«¢¦N¨©,2014HAGIBIS
2014-06-15 16:00:00,220,220.0,12.1,8.7,201407,467620,«¢¦N¨©,2014HAGIBIS
2014-06-15 17:00:00,190,200.0,12.9,9.1,201407,467620,«¢¦N¨©,2014HAGIBIS
2014-06-14 23:00:00,110,110.0,3.3,1.7,201407,467650,«¢¦N¨©,2014HAGIBIS
2014-06-14 23:59:00,110,110.0,4.3,3.0,201407,467650,«¢¦N¨©,2014HAGIBIS
2014-06-15 01:00:00,110,110.0,4.3,2.5,201407,467650,«¢¦N¨©,2014HAGIBIS
2014-06-15 02:00:00,90,110.0,2.9,1.5,201407,467650,«¢¦N¨©,2014HAGIBIS
2014-06-15 03:00:00,90,60.0,2.5,1.5,201407,467650,«¢¦N¨©,2014HAGIBIS
2014-06-15 04:00:00,60,50.0,1.9,1.4,201407,467650,«¢¦N¨©,2014HAGIBIS
2014-06-15 05:00:00,50,50.0,2.5,2.1,201407,467650,«¢¦N¨©,2014HAGIBIS
2014-06-15 06:00:00,220,220.0,1.8,1.5,201407,467650,«¢¦N¨©,2014HAGIBIS
2014-06-15 07:00:00,120,120.0,1.5,1.2,201407,467650,«¢¦N¨©,2014HAGIBIS
2014-06-15 08:00:00,120,120.0,1.2,0.8,201407,467650,«¢¦N¨©,2014HAGIBIS
2014-06-15 09:00:00,120,110.0,1.2,0.5,201407,467650,«¢¦N¨©,2014HAGIBIS
2014-06-15 10:00:00,100,100.0,0.9,0.5,201407,467650,«¢¦N¨©,2014HAGIBIS
2014-06-15 11:00:00,90,100.0,1.4,0.6,201407,467650,«¢¦N¨©,2014HAGIBIS
2014-06-15 12:00:00,90,90.0,1.4,0.7,201407,467650,«¢¦N¨©,2014HAGIBIS
2014-06-15 13:00:00,60,70.0,1.4,0.5,201407,467650,«¢¦N¨©,2014HAGIBIS
2014-06-15 14:00:00,80,120.0,1.8,0.9,201407,467650,«¢¦N¨©,2014HAGIBIS
2014-06-15 15:00:00,120,120.0,1.2,0.9,201407,467650,«¢¦N¨©,2014HAGIBIS
2014-06-15 16:00:00,120,120.0,1.1,0.9,201407,467650,«¢¦N¨©,2014HAGIBIS
2014-06-15 17:00:00,120,120.0,1.1,0.9,201407,467650,«¢¦N¨©,2014HAGIBIS
2014-06-14 23:00:00,320,350.0,3.7,1.5,201407,467660,«¢¦N¨©,2014HAGIBIS
2014-06-14 23:59:00,10,350.0,3.9,1.5,201407,467660,«¢¦N¨©,2014HAGIBIS
2014-06-15 01:00:00,340,290.0,6.9,2.3,201407,467660,«¢¦N¨©,2014HAGIBIS
2014-06-15 02:00:00,350,340.0,6.6,2.6,201407,467660,«¢¦N¨©,2014HAGIBIS
2014-06-15 03:00:00,360,340.0,5.5,2.2,201407,467660,«¢¦N¨©,2014HAGIBIS
2014-06-15 04:00:00,50,10.0,2.9,1.9,201407,467660,«¢¦N¨©,2014HAGIBIS
2014-06-15 05:00:00,10,340.0,4.0,1.8,201407,467660,«¢¦N¨©,2014HAGIBIS
2014-06-15 06:00:00,340,360.0,2.3,1.2,201407,467660,«¢¦N¨©,2014HAGIBIS
2014-06-15 07:00:00,300,310.0,2.7,1.3,201407,467660,«¢¦N¨©,2014HAGIBIS
2014-06-15 08:00:00,320,310.0,2.9,1.3,201407,467660,«¢¦N¨©,2014HAGIBIS
2014-06-15 09:00:00,20,360.0,2.9,1.4,201407,467660,«¢¦N¨©,2014HAGIBIS
2014-06-15 10:00:00,350,330.0,3.6,1.4,201407,467660,«¢¦N¨©,2014HAGIBIS
2014-06-15 11:00:00,350,360.0,3.3,1.4,201407,467660,«¢¦N¨©,2014HAGIBIS
2014-06-15 12:00:00,360,350.0,3.6,1.5,201407,467660,«¢¦N¨©,2014HAGIBIS
2014-06-15 13:00:00,70,80.0,3.5,1.4,201407,467660,«¢¦N¨©,2014HAGIBIS
2014-06-15 14:00:00,170,130.0,2.5,1.1,201407,467660,«¢¦N¨©,2014HAGIBIS
2014-06-15 15:00:00,120,150.0,2.9,1.5,201407,467660,«¢¦N¨©,2014HAGIBIS
2014-06-15 16:00:00,120,140.0,3.4,2.0,201407,467660,«¢¦N¨©,2014HAGIBIS
2014-06-15 17:00:00,180,150.0,4.2,1.9,201407,467660,«¢¦N¨©,2014HAGIBIS
2014-06-14 23:00:00,360,360.0,4.7,3.0,201407,467770,«¢¦N¨©,2014HAGIBIS
2014-06-14 23:59:00,360,360.0,5.4,3.0,201407,467770,«¢¦N¨©,2014HAGIBIS
2014-06-15 01:00:00,40,40.0,2.4,1.1,201407,467770,«¢¦N¨©,2014HAGIBIS
2014-06-15 02:00:00,180,170.0,5.7,3.8,201407,467770,«¢¦N¨©,2014HAGIBIS
2014-06-15 03:00:00,200,170.0,7.0,4.1,201407,467770,«¢¦N¨©,2014HAGIBIS
2014-06-15 04:00:00,170,170.0,5.4,3.3,201407,467770,«¢¦N¨©,2014HAGIBIS
2014-06-15 05:00:00,190,200.0,3.9,2.4,201407,467770,«¢¦N¨©,2014HAGIBIS
2014-06-15 06:00:00,340,330.0,3.2,2.1,201407,467770,«¢¦N¨©,2014HAGIBIS
2014-06-15 07:00:00,350,350.0,4.6,3.2,201407,467770,«¢¦N¨©,2014HAGIBIS
2014-06-15 08:00:00,350,350.0,4.9,3.0,201407,467770,«¢¦N¨©,2014HAGIBIS
2014-06-15 09:00:00,360,360.0,6.5,4.4,201407,467770,«¢¦N¨©,2014HAGIBIS
2014-06-15 10:00:00,360,350.0,7.1,5.1,201407,467770,«¢¦N¨©,2014HAGIBIS
2014-06-15 11:00:00,360,360.0,7.6,4.8,201407,467770,«¢¦N¨©,2014HAGIBIS
2014-06-15 12:00:00,360,360.0,7.2,5.0,201407,467770,«¢¦N¨©,2014HAGIBIS
2014-06-15 13:00:00,10,350.0,6.8,4.4,201407,467770,«¢¦N¨©,2014HAGIBIS
2014-06-15 14:00:00,360,360.0,6.1,4.7,201407,467770,«¢¦N¨©,2014HAGIBIS
2014-06-15 15:00:00,360,350.0,6.6,4.8,201407,467770,«¢¦N¨©,2014HAGIBIS
2014-06-15 16:00:00,10,360.0,6.4,4.0,201407,467770,«¢¦N¨©,2014HAGIBIS
2014-06-15 17:00:00,40,360.0,5.3,3.7,201407,467770,«¢¦N¨©,2014HAGIBIS
2014-06-14 23:00:00,310,330.0,4.3,3.5,201407,467780,«¢¦N¨©,2014HAGIBIS
2014-06-14 23:59:00,340,350.0,4.5,3.7,201407,467780,«¢¦N¨©,2014HAGIBIS
2014-06-15 01:00:00,10,360.0,2.9,2.0,201407,467780,«¢¦N¨©,2014HAGIBIS
2014-06-15 02:00:00,60,50.0,3.9,2.9,201407,467780,«¢¦N¨©,2014HAGIBIS
2014-06-15 03:00:00,60,60.0,4.8,3.2,201407,467780,«¢¦N¨©,2014HAGIBIS
2014-06-15 04:00:00,120,100.0,2.7,0.7,201407,467780,«¢¦N¨©,2014HAGIBIS
2014-06-15 05:00:00,140,110.0,3.8,1.1,201407,467780,«¢¦N¨©,2014HAGIBIS
2014-06-15 06:00:00,160,160.0,5.0,3.1,201407,467780,«¢¦N¨©,2014HAGIBIS
2014-06-15 07:00:00,140,150.0,8.5,4.8,201407,467780,«¢¦N¨©,2014HAGIBIS
2014-06-15 08:00:00,140,140.0,7.2,3.8,201407,467780,«¢¦N¨©,2014HAGIBIS
2014-06-15 09:00:00,180,150.0,15.6,8.2,201407,467780,«¢¦N¨©,2014HAGIBIS
2014-06-15 10:00:00,140,150.0,10.4,6.2,201407,467780,«¢¦N¨©,2014HAGIBIS
2014-06-15 11:00:00,170,170.0,11.7,7.9,201407,467780,«¢¦N¨©,2014HAGIBIS
2014-06-15 12:00:00,150,160.0,7.8,5.6,201407,467780,«¢¦N¨©,2014HAGIBIS
2014-06-15 13:00:00,160,160.0,9.5,6.2,201407,467780,«¢¦N¨©,2014HAGIBIS
2014-06-15 14:00:00,150,150.0,11.7,7.2,201407,467780,«¢¦N¨©,2014HAGIBIS
2014-06-15 15:00:00,150,150.0,10.5,7.0,201407,467780,«¢¦N¨©,2014HAGIBIS
2014-06-15 16:00:00,170,160.0,10.6,7.0,201407,467780,«¢¦N¨©,2014HAGIBIS
2014-06-15 17:00:00,170,170.0,10.7,7.3,201407,467780,«¢¦N¨©,2014HAGIBIS
2014-06-14 23:00:00,360,10.0,8.8,3.6,201407,467990,«¢¦N¨©,2014HAGIBIS
2014-06-14 23:59:00,10,10.0,8.9,3.6,201407,467990,«¢¦N¨©,2014HAGIBIS
2014-06-15 01:00:00,340,350.0,9.8,4.1,201407,467990,«¢¦N¨©,2014HAGIBIS
2014-06-15 02:00:00,340,360.0,10.4,4.3,201407,467990,«¢¦N¨©,2014HAGIBIS
2014-06-15 03:00:00,360,360.0,10.2,4.6,201407,467990,«¢¦N¨©,2014HAGIBIS
2014-06-15 04:00:00,360,350.0,9.7,4.1,201407,467990,«¢¦N¨©,2014HAGIBIS
2014-06-15 05:00:00,360,360.0,10.7,4.3,201407,467990,«¢¦N¨©,2014HAGIBIS
2014-06-15 06:00:00,350,360.0,9.2,4.1,201407,467990,«¢¦N¨©,2014HAGIBIS
2014-06-15 07:00:00,350,350.0,6.6,3.3,201407,467990,«¢¦N¨©,2014HAGIBIS
2014-06-15 08:00:00,350,340.0,5.0,2.8,201407,467990,«¢¦N¨©,2014HAGIBIS
2014-06-15 09:00:00,350,350.0,4.2,2.0,201407,467990,«¢¦N¨©,2014HAGIBIS
2014-06-15 10:00:00,230,360.0,4.4,2.0,201407,467990,«¢¦N¨©,2014HAGIBIS
2014-06-15 11:00:00,350,220.0,3.8,1.9,201407,467990,«¢¦N¨©,2014HAGIBIS
2014-06-15 12:00:00,210,210.0,2.3,1.9,201407,467990,«¢¦N¨©,2014HAGIBIS
2014-06-15 13:00:00,70,60.0,1.8,0.7,201407,467990,«¢¦N¨©,2014HAGIBIS
2014-06-15 14:00:00,20,40.0,4.3,1.7,201407,467990,«¢¦N¨©,2014HAGIBIS
2014-06-15 15:00:00,20,30.0,3.6,2.0,201407,467990,«¢¦N¨©,2014HAGIBIS
2014-06-15 16:00:00,30,50.0,4.0,2.1,201407,467990,«¢¦N¨©,2014HAGIBIS
2014-06-15 17:00:00,70,70.0,6.1,3.6,201407,467990,«¢¦N¨©,2014HAGIBIS
