﻿縣市,行政區,村里,圖號坐標,型式,桿號
連江縣,南竿鄉,復興村,S0548DA8972,木桿,6間排低分1
連江縣,南竿鄉,復興村,S0548EA2819,水泥桿,6間排低分1
連江縣,南竿鄉,復興村,S0548DA8595,木桿,6間排低分2-1
連江縣,南竿鄉,復興村,S0548DA9210,木桿,6間排低分2-2
連江縣,北竿鄉,板里村,S0860AA6523,木桿,
連江縣,北竿鄉,板里村,S0860AA9472,木桿,
連江縣,北竿鄉,板里村,S0860BC2501,木桿,
連江縣,北竿鄉,芹壁村,S1061CA9556,木桿,
連江縣,北竿鄉,塘岐村,S1060AE3359,木桿,
連江縣,北竿鄉,塘岐村,S1060CE5879,木桿,
連江縣,北竿鄉,塘岐村,S1061CA9207,木桿,
連江縣,北竿鄉,塘岐村,S1061CA9899,木桿,
連江縣,北竿鄉,塘岐村,S1061DB9178,木桿,
連江縣,北竿鄉,塘岐村,S1061DB9412,水泥桿,
連江縣,北竿鄉,塘岐村,S1061FA4981,木桿,
連江縣,北竿鄉,塘岐村,S1061FA6645,木桿,
連江縣,北竿鄉,塘岐村,S1061FB0161,水泥桿,
連江縣,北竿鄉,塘岐村,S1061FB3042,水泥桿,
連江縣,北竿鄉,塘岐村,S1061GD6734,木桿,
連江縣,北竿鄉,塘岐村,S1061HE1321,水泥桿,
連江縣,北竿鄉,塘岐村,S1061HE5553,水泥桿,
連江縣,北竿鄉,塘岐村,S1061HE8923,木桿,
連江縣,北竿鄉,塘岐村,S1063HC1961,木桿,
連江縣,北竿鄉,塘岐村,S1063HC3691,木桿,
連江縣,北竿鄉,塘岐村,S1162BA3458,水泥桿,
連江縣,北竿鄉,塘岐村,S1162CB1509,木桿,
連江縣,北竿鄉,橋仔村,S1064EB6215,木桿,
連江縣,東引鄉,中柳村,S7495DE7210,木桿,
連江縣,東引鄉,樂華村,S7096EE9738,木桿,
連江縣,東引鄉,樂華村,S7096FE2634,木桿,
連江縣,東引鄉,樂華村,S7194EC0030,木桿,
連江縣,東引鄉,樂華村,S7195FD1668,水泥桿,
連江縣,東引鄉,樂華村,S7295FB4721,水泥桿,
連江縣,東引鄉,樂華村,S7295GB3690,水泥桿,
連江縣,東引鄉,樂華村,S7295GB5670,水泥桿,
連江縣,南竿鄉,仁愛村,S0243BB2388,木桿,
連江縣,南竿鄉,仁愛村,S0243BB7596,木桿,
連江縣,南竿鄉,仁愛村,S0243CD1198,水泥桿,
連江縣,南竿鄉,仁愛村,S0243EE0965,木桿,
連江縣,南竿鄉,仁愛村,S0244BD7834,木桿,
連江縣,南竿鄉,仁愛村,S0244DD6693,木桿,
連江縣,南竿鄉,仁愛村,S0244DE8843,木桿,
連江縣,南竿鄉,仁愛村,S0244EA0074,水泥桿,
連江縣,南竿鄉,仁愛村,S0244ED4122,木併桿,
連江縣,南竿鄉,仁愛村,S0244GA2598,木桿,
連江縣,南竿鄉,介壽村,S0444BC3038,木桿,
連江縣,南竿鄉,介壽村,S0444BC5137,木桿,
連江縣,南竿鄉,介壽村,S0444BD8967,水泥桿,
連江縣,南竿鄉,介壽村,S0444CD4556,木桿,
連江縣,南竿鄉,介壽村,S0444CD6736,木桿,
連江縣,南竿鄉,介壽村,S0444CE1240,水泥桿,
連江縣,南竿鄉,介壽村,S0444CE2596,水泥桿,
連江縣,南竿鄉,介壽村,S0444CE6244,木桿,
連江縣,南竿鄉,介壽村,S0444CE7045,木桿,
連江縣,南竿鄉,介壽村,S0444DE2332,水泥桿,
連江縣,南竿鄉,介壽村,S0444DE3171,木桿,
連江縣,南竿鄉,介壽村,S0444DE4197,木桿,
連江縣,南竿鄉,介壽村,S0445CA8826,水泥桿,
連江縣,南竿鄉,介壽村,S0445EC9555,木桿,
連江縣,南竿鄉,介壽村,S0546CC3711,木桿,
連江縣,南竿鄉,介壽村,S0546EC6468,木桿,
連江縣,南竿鄉,介壽村,S0647AE1671,木桿,
連江縣,南竿鄉,介壽村,S0647AE1839,木桿,
連江縣,南竿鄉,介壽村,S0647AE2365,水泥桿,
連江縣,南竿鄉,介壽村,S0647BE4485,水泥桿,
連江縣,南竿鄉,介壽村,S0647BE6716,水泥桿,
連江縣,南竿鄉,介壽村,S0647EC4839,木桿,
連江縣,南竿鄉,介壽村,S0647ED7005,水泥桿,
連江縣,南竿鄉,介壽村,S0647ED8219,水泥桿,
連江縣,南竿鄉,介壽村,S0647ED9357,水泥桿,
連江縣,南竿鄉,介壽村,S0647FD2539,水泥桿,
連江縣,南竿鄉,介壽村,S0647FD5832,水泥桿,
連江縣,南竿鄉,介壽村,S0647FE5287,水泥桿,
連江縣,南竿鄉,介壽村,S0647FE6252,水泥桿,
連江縣,南竿鄉,介壽村,S0647FE9591,水泥桿,
連江縣,南竿鄉,介壽村,S0647GE1794,水泥桿,
連江縣,南竿鄉,介壽村,S0648AA3106,水泥桿,
連江縣,南竿鄉,介壽村,S0648BA6520,水泥桿,
連江縣,南竿鄉,介壽村,S0648BA7003,水泥桿,
連江縣,南竿鄉,介壽村,S0648BA88,水泥桿,
連江縣,南竿鄉,介壽村,S0648CB1258,水泥併桿,
連江縣,南竿鄉,介壽村,S0648CB2577,水泥桿,
連江縣,南竿鄉,介壽村,S0648CB5882,水泥桿,
連江縣,南竿鄉,介壽村,S0648CB8914,水泥併桿,
連江縣,南竿鄉,介壽村,S0648DC1211,水泥桿,
連江縣,南竿鄉,介壽村,S0648DC3591,水泥桿,
連江縣,南竿鄉,介壽村,S0648DC3823,水泥桿,
連江縣,南竿鄉,介壽村,S0648DD0561,水泥桿,
連江縣,南竿鄉,介壽村,S0648DD2363,水泥桿,
連江縣,南竿鄉,介壽村,S0648DD2900,水泥桿,
連江縣,南竿鄉,介壽村,S0648DD4088,水泥桿,
連江縣,南竿鄉,介壽村,S0648DE0185,水泥桿,
連江縣,南竿鄉,介壽村,S0648DE0552,木桿,
連江縣,南竿鄉,介壽村,S0648DE0581,水泥桿,
連江縣,南竿鄉,介壽村,S0648DE27,水泥桿,
連江縣,南竿鄉,介壽村,S0648DE4988,水泥桿,
連江縣,南竿鄉,介壽村,S0648GA09,水泥桿,
連江縣,南竿鄉,介壽村,S0648GA1573,水泥桿,
連江縣,南竿鄉,介壽村,S0648GA1808,水泥桿,
連江縣,南竿鄉,介壽村,S0648GA2155,水泥桿,
連江縣,南竿鄉,介壽村,S0648GB1282,水泥桿,
連江縣,南竿鄉,介壽村,S0649DA6233,水泥桿,
連江縣,南竿鄉,介壽村,S0649EA0697,水泥桿,
連江縣,南竿鄉,介壽村,S0649EA4759,水泥桿,
連江縣,南竿鄉,介壽村,S0649EA5501,木桿,
連江縣,南竿鄉,四維村,S0149DB8889,木桿,
連江縣,南竿鄉,四維村,S0149EA11,水泥桿,
連江縣,南竿鄉,四維村,S0149FA2836,木桿,
連江縣,南竿鄉,四維村,S0149FB0102,木桿,
連江縣,南竿鄉,四維村,S0149FD1491,木桿,
連江縣,南竿鄉,四維村,S0150CA3443,木桿,
連江縣,南竿鄉,四維村,S0243BB5421,木桿,
連江縣,南竿鄉,津沙村,S0044HB8960,木桿,
連江縣,南竿鄉,津沙村,S0143BB5830,木桿,
連江縣,南竿鄉,津沙村,S0145CD4447,水泥桿,
連江縣,南竿鄉,珠螺村,S0246GE0129,木桿,
連江縣,南竿鄉,珠螺村,S0247GA05,木桿,
連江縣,南竿鄉,馬祖村,S0146CB8095,木桿,
連江縣,南竿鄉,馬祖村,S0146EA0999,木桿,
連江縣,南竿鄉,馬祖村,S0146EA1815,木桿,
連江縣,南竿鄉,馬祖村,S0146HA2185,木桿,
連江縣,南竿鄉,馬祖村,S0147CB1630,水泥桿,
連江縣,南竿鄉,馬祖村,S0147CC8508,木桿,
連江縣,南竿鄉,馬祖村,S0147CC9663,木桿,
連江縣,南竿鄉,馬祖村,S0147CD4935,木桿,
連江縣,南竿鄉,馬祖村,S0147DA0383,木桿,
連江縣,南竿鄉,馬祖村,S0147DC0697,木桿,
連江縣,南竿鄉,馬祖村,S0147DC4470,水泥桿,
連江縣,南竿鄉,馬祖村,S0148CC3781,水泥桿,
連江縣,南竿鄉,馬祖村,S0245AE3211,木桿,
連江縣,南竿鄉,馬祖村,S0245FB0226,木桿,
連江縣,南竿鄉,馬祖村,S0245FB2773,木桿,
連江縣,南竿鄉,馬祖村,S0245FD4894,木桿,
連江縣,南竿鄉,馬祖村,S0245GC2989,木桿,
連江縣,南竿鄉,馬祖村,S0245HA8945,水泥桿,
連江縣,南竿鄉,馬祖村,S0245HB1209,木桿,
連江縣,南竿鄉,馬祖村,S0245HB5103,木桿,
連江縣,南竿鄉,清水村,S0344DE9396,木桿,
連江縣,南竿鄉,清水村,S0344FC2913,木桿,
連江縣,南竿鄉,清水村,S0344FC3675,木桿,
連江縣,南竿鄉,清水村,S0344GD7820,木桿,
連江縣,南竿鄉,清水村,S0344GE7155,水泥桿,
連江縣,南竿鄉,清水村,S0344GE8245,水泥桿,
連江縣,南竿鄉,清水村,S0344GE83,木桿,
連江縣,南竿鄉,清水村,S0344HA9861,木桿,
連江縣,南竿鄉,清水村,S0344HD4621,木桿,
連江縣,南竿鄉,清水村,S0344HD5653,木桿,
連江縣,南竿鄉,清水村,S0344HD5867,木桿,
連江縣,南竿鄉,清水村,S0344HE0503,水泥桿,
連江縣,南竿鄉,清水村,S0344HE1717,水泥桿,
連江縣,南竿鄉,清水村,S0344HE5775,木桿,
連江縣,南竿鄉,清水村,S0345AA0844,木桿,
連江縣,南竿鄉,清水村,S0345DC2173,H桿,
連江縣,南竿鄉,清水村,S0345FB5888,水泥桿,
連江縣,南竿鄉,清水村,S0345HA2240,木桿,
連江縣,南竿鄉,清水村,S0345HA4181,木桿,
連江縣,南竿鄉,復興村,S0547BE8002,水泥桿,
連江縣,南竿鄉,復興村,S0547DD1123,木桿,
連江縣,南竿鄉,復興村,S0547DD7354,木桿,
連江縣,南竿鄉,復興村,S0547EC6879,木桿,
連江縣,南竿鄉,復興村,S0547ED33,木桿,
連江縣,南竿鄉,復興村,S0547FD3166,水泥桿,
連江縣,南竿鄉,復興村,S0547GB7773,木桿,
連江縣,南竿鄉,復興村,S0547GB7988,水泥桿,
連江縣,南竿鄉,復興村,S0547HC0253,水泥桿,
連江縣,南竿鄉,復興村,S0547HC3228,水泥桿,
連江縣,南竿鄉,復興村,S0547HE2738,水泥桿,
連江縣,南竿鄉,復興村,S0547HE7900,木桿,
連江縣,南竿鄉,復興村,S0548DB4488,木桿,
連江縣,南竿鄉,復興村,S0548EA1316,木桿,
連江縣,南竿鄉,復興村,S0548EB3622,水泥桿,
連江縣,南竿鄉,復興村,S0548EC9481,木桿,
連江縣,南竿鄉,復興村,S0548FA0777,木桿,
連江縣,南竿鄉,復興村,S0548GC5455,木桿,
連江縣,南竿鄉,復興村,S0548GC8031,水泥桿,
連江縣,南竿鄉,復興村,S0548HA2038,水泥桿,
連江縣,南竿鄉,復興村,S0548HA5430,水泥桿,
連江縣,南竿鄉,復興村,S0548HA6439,木桿,
連江縣,南竿鄉,復興村,S0548HC1501,水泥桿,
連江縣,南竿鄉,復興村,S0548HD3223,水泥併桿,
連江縣,南竿鄉,福沃村,S0446FA3815,木桿,
連江縣,莒光鄉,大坪村,S0802GB2289,木桿,
連江縣,莒光鄉,大坪村,S0802GB4666,木桿,
連江縣,莒光鄉,大坪村,S0802GB8540,木桿,
連江縣,莒光鄉,大坪村,S0803BA5294,木桿,
連江縣,莒光鄉,大坪村,S0803BA9176,木桿,
連江縣,莒光鄉,大坪村,S0803FB3699,木桿,
連江縣,莒光鄉,大坪村,S0803FB4219,木桿,
連江縣,莒光鄉,福正村,S1004AE0180,木桿,
連江縣,莒光鄉,福正村,S1005AA8307,木桿,
連江縣,南竿鄉,馬祖村,S0147DC9210,木桿,#3
連江縣,南竿鄉,馬祖村,S0147DB7812,水泥桿,#4
連江縣,莒光鄉,青帆村,S0207HA0348,木桿,海淡高支#28低2
連江縣,北竿鄉,板里村,S0860CB4272,木桿,白沙高幹#64低2右低1
連江縣,北竿鄉,芹壁村,S0961ED4922,水泥桿,上村高分#10
連江縣,北竿鄉,芹壁村,S0961EE7211,水泥桿,上村高分#11
連江縣,北竿鄉,芹壁村,S0961EE8301,水泥桿,上村高分#12
連江縣,北竿鄉,芹壁村,S0961EE8597,水泥桿,上村高分#13
連江縣,北竿鄉,芹壁村,S0961EE9998,水泥桿,上村高分#14
連江縣,北竿鄉,芹壁村,S0962EA9256,水泥桿,上村高分#15
連江縣,北竿鄉,芹壁村,S0961CC6995,水泥併桿,上村高分#4
連江縣,北竿鄉,芹壁村,S0961CD7027,水泥桿,上村高分#4-1
連江縣,北竿鄉,芹壁村,S0961DC0968,水泥桿,上村高分#5
連江縣,北竿鄉,芹壁村,S0961DC3959,水泥桿,上村高分#6
連江縣,北竿鄉,芹壁村,S0961DD7036,水泥桿,上村高分#7
連江縣,北竿鄉,芹壁村,S0961DD8440,水泥桿,上村高分#8
連江縣,北竿鄉,芹壁村,S0961ED0715,水泥桿,上村高分#9
連江縣,北竿鄉,板里村,S0760HB5611,水泥桿,土反山高支#10
連江縣,北竿鄉,板里村,S0760HB4404,水泥桿,土反山高支#11
連江縣,北竿鄉,板里村,S0760HB2149,水泥桿,土反山高支#12
連江縣,北竿鄉,板里村,S0760HA0878,水泥桿,土反山高支#13
連江縣,北竿鄉,板里村,S0760GA8995,木桿,土反山高支#14
連江縣,北竿鄉,板里村,S0760GB4358,木桿,土反山高支#15
連江縣,北竿鄉,板里村,S0760GB2638,木桿,土反山高支#15低1
連江縣,北竿鄉,板里村,S0760FC8134,水泥桿,土反山高支#15低2
連江縣,北竿鄉,板里村,S0760HC9731,水泥桿,土反山高支#6
連江縣,北竿鄉,板里村,S0760HC8458,水泥桿,土反山高支#7
連江縣,北竿鄉,板里村,S0760HC7169,水泥桿,土反山高支#8
連江縣,北竿鄉,板里村,S0760HB6868,水泥桿,土反山高支#9
連江縣,莒光鄉,大坪村,S0802FE0447,水泥桿,大坪高幹#1
連江縣,北竿鄉,橋仔村,S1064FA2820,水泥桿,大坵高支#1
連江縣,北竿鄉,橋仔村,S1064GE6460,木桿,大坵高支#10
連江縣,北竿鄉,橋仔村,S1065GA5136,H桿,大坵高支#11
連江縣,北竿鄉,橋仔村,S1065GB5526,木併桿,大坵高支#12
連江縣,北竿鄉,橋仔村,S1065HB0537,木桿,大坵高支#13
連江縣,北竿鄉,橋仔村,S1065HB1579,木桿,大坵高支#14
連江縣,北竿鄉,橋仔村,S1065HB4529,木併桿,大坵高支#15
連江縣,北竿鄉,橋仔村,S1065HB5974,木桿,大坵高支#16
連江縣,北竿鄉,橋仔村,S1065HC9005,木併桿,大坵高支#17
連江縣,北竿鄉,塘岐村,S1165AC1359,木桿,大坵高支#18
連江縣,北竿鄉,塘岐村,S1165AC3482,木桿,大坵高支#19
連江縣,北竿鄉,橋仔村,S1064FC4333,水泥桿,大坵高支#1低1
連江縣,北竿鄉,橋仔村,S1064FB5186,水泥桿,大坵高支#2
連江縣,北竿鄉,橋仔村,S1165AC8731,木桿,大坵高支#20
連江縣,北竿鄉,橋仔村,S1165BC1959,木桿,大坵高支#21
連江縣,北竿鄉,橋仔村,S1165BD3123,木桿,大坵高支#21-1
連江縣,北竿鄉,塘岐村,S1165BD4279,木併桿,大坵高支#22
連江縣,北竿鄉,塘岐村,S1165BD6603,木桿,大坵高支#23
連江縣,北竿鄉,橋仔村,S1165BD6748,水泥桿,大坵高支#23-1
連江縣,北竿鄉,橋仔村,S1165BD6993,木桿,大坵高支#24
連江縣,北竿鄉,塘岐村,S1165CE1004,木桿,大坵高支#25
連江縣,北竿鄉,塘岐村,S1165CE2316,木桿,大坵高支#26
連江縣,北竿鄉,塘岐村,S1165CE2516,木桿,大坵高支#27
連江縣,北竿鄉,塘岐村,S1165CE3729,木桿,大坵高支#28
連江縣,北竿鄉,塘岐村,S1166CA4250,木桿,大坵高支#29
連江縣,北竿鄉,橋仔村,S1064FB6672,水泥桿,大坵高支#3
連江縣,北竿鄉,塘岐村,S1166CA5579,木桿,大坵高支#30
連江縣,北竿鄉,塘岐村,S1166CA6796,木桿,大坵高支#31
連江縣,北竿鄉,塘岐村,S1166CA7889,木桿,大坵高支#32
連江縣,北竿鄉,橋仔村,S1166DB0127,木桿,大坵高支#33
連江縣,北竿鄉,橋仔村,S1166DB2593,木桿,大坵高支#34
連江縣,北竿鄉,橋仔村,S1064HD2416,木桿,大坵高支#3低4
連江縣,北竿鄉,橋仔村,S1064FB5914,水泥桿,大坵高支#4
連江縣,北竿鄉,橋仔村,S1064FC7972,木桿,大坵高支#6
連江縣,北竿鄉,橋仔村,S1064GD0214,木桿,大坵高支#7
連江縣,北竿鄉,橋仔村,S1064GD2137,木桿,大坵高支#7-1
連江縣,北竿鄉,橋仔村,S1064GD4130,木桿,大坵高支#7-2
連江縣,北竿鄉,橋仔村,S1064GC7978,水泥桿,大坵高支#7-3
連江縣,北竿鄉,橋仔村,S1064GD9216,水泥桿,大坵高支#7-4
連江縣,北竿鄉,橋仔村,S1064GD3612,木桿,大坵高支#8
連江縣,北竿鄉,橋仔村,S1064GE7133,木桿,大坵高支#9
連江縣,南竿鄉,復興村,S0547BC0020,木桿,山隴介中高分1-1號
連江縣,南竿鄉,介壽村,S0547BC1453,水泥桿,山隴介中高分1號引上
連江縣,南竿鄉,復興村,S0547BC06,木桿,山隴介中高分2號
連江縣,南竿鄉,介壽村,S0546EE9962,H桿,山隴介壽堂高分1號引上
連江縣,南竿鄉,介壽村,S0546FE2773,木桿,山隴介壽堂高分3-1
連江縣,南竿鄉,介壽村,S0546FE2448,木桿,山隴介壽堂高分3-2
連江縣,南竿鄉,介壽村,S0546FE3369,H桿,山隴介壽堂高分3-3
連江縣,南竿鄉,介壽村,S0546FE3818,木桿,山隴介壽堂高分3號
連江縣,南竿鄉,復興村,S0547FA3056,木桿,山隴介壽堂高分4
連江縣,南竿鄉,復興村,S0547FA3228,木桿,山隴介壽堂高分5
連江縣,南竿鄉,介壽村,S0445EE0295,水泥桿,山隴公墓高分1號引上
連江縣,南竿鄉,介壽村,S0445DE8353,水泥桿,山隴公墓高分2號
連江縣,南竿鄉,介壽村,S0445DE6451,水泥桿,山隴公墓高分3號
連江縣,南竿鄉,介壽村,S0445DE3640,水泥桿,山隴公墓高分4號
連江縣,南竿鄉,介壽村,S0445EE1209,水泥桿,山隴成功低分1號引上
連江縣,南竿鄉,介壽村,S0445DE9444,木桿,山隴成功低分2號
連江縣,南竿鄉,介壽村,S0445DE7676,木桿,山隴成功低分3號
連江縣,南竿鄉,介壽村,S0445DE3713,水泥桿,山隴成功低分4號
連江縣,南竿鄉,介壽村,S0546BE9589,木桿,山隴收支低分1號引上
連江縣,南竿鄉,介壽村,S0445EE1020,木桿,山隴東旅低分1號引上
連江縣,南竿鄉,福沃村,S0446FB8768,水泥桿,山隴南北低分1號引上
連江縣,南竿鄉,福沃村,S0446FB7502,木桿,山隴南北低分2號引上
連江縣,南竿鄉,福沃村,S0446FB3104,木桿,山隴南北低分3號
連江縣,南竿鄉,福沃村,S0446FB4071,水泥桿,山隴南北低分4號
連江縣,南竿鄉,福沃村,S0446GB0526,木桿,山隴南北低分右1號
連江縣,南竿鄉,介壽村,S0547BC7218,水泥桿,山隴紅會低分#1引上
連江縣,南竿鄉,復興村,S0547CA2416,木桿,山隴飛駝低分1引上
連江縣,南竿鄉,介壽村,S0445GB7490,水泥桿,山隴清潭高分10號
連江縣,南竿鄉,介壽村,S0445GB81,水泥桿,山隴清潭高分11號
連江縣,南竿鄉,介壽村,S0445FE0242,水泥桿,山隴清潭高分1號
連江縣,南竿鄉,介壽村,S0445FE0289,木桿,山隴清潭高分1號水平支線
連江縣,南竿鄉,介壽村,S0445FD3679,木桿,山隴清潭高分2低分1
連江縣,南竿鄉,介壽村,S0445FD0283,木桿,山隴清潭高分2低分2
連江縣,南竿鄉,介壽村,S0445EC8976,木桿,山隴清潭高分2低分3
連江縣,南竿鄉,介壽村,S0445FD4962,水泥桿,山隴清潭高分2號
連江縣,南竿鄉,介壽村,S0445FD8714,水泥桿,山隴清潭高分3號
連江縣,南竿鄉,介壽村,S0445GD2450,水泥桿,山隴清潭高分4號
連江縣,南竿鄉,介壽村,S0445GD3118,水泥桿,山隴清潭高分5-1號
連江縣,南竿鄉,介壽村,S0445GD2275,水泥桿,山隴清潭高分5號
連江縣,南竿鄉,介壽村,S0445GD3037,木桿,山隴清潭高分6號
連江縣,南竿鄉,介壽村,S0445GC4791,木桿,山隴清潭高分7號
連江縣,南竿鄉,介壽村,S0445GC6017,木桿,山隴清潭高分8號
連江縣,南竿鄉,介壽村,S0445GB6779,木桿,山隴清潭高分9號
連江縣,南竿鄉,介壽村,S0546BD3525,水泥桿,山隴殘協低分1號引上
連江縣,南竿鄉,福沃村,S0446HE4421,木桿,山隴幹聚英低分1引上
連江縣,南竿鄉,介壽村,S0547DB9691,水泥桿,山隴幹線#7
連江縣,南竿鄉,復興村,S0547EB1030,木桿,山隴幹線5號
連江縣,南竿鄉,復興村,S0547EB2201,木桿,山隴幹線6低分1
連江縣,南竿鄉,復興村,S0547EB0355,木桿,山隴幹線6號
連江縣,南竿鄉,復興村,S0547EB2725,木桿,山隴幹線9號
連江縣,南竿鄉,介壽村,S0546BD3493,木桿,山隴幹線身障協會低分#2引上
連江縣,南竿鄉,福沃村,S0446FB4502,水泥桿,山隴新南北低分1號引上
連江縣,南竿鄉,福沃村,S0446FB0565,水泥桿,山隴新南北低分2號
連江縣,南竿鄉,福沃村,S0446EB7656,水泥桿,山隴新南北低分3號
連江縣,南竿鄉,福沃村,S0446EC5083,水泥桿,山隴新南北低分4號
連江縣,南竿鄉,福沃村,S0446EC5383,水泥桿,山隴新南北低分5號
連江縣,南竿鄉,福沃村,S0446EC5586,水泥桿,山隴新南北低分6號
連江縣,南竿鄉,福沃村,S0446EC7703,木桿,山隴新南北低分7號
連江縣,南竿鄉,福沃村,S0446EC7787,水泥桿,山隴新南北低分8號
連江縣,南竿鄉,介壽村,S0547CB2570,水泥桿,山隴榮民低分1引上
連江縣,南竿鄉,介壽村,S0546CD4970,H桿,山隴聚英高分1、2號引上
連江縣,南竿鄉,介壽村,S0546CD5654,木桿,山隴聚英高分3號
連江縣,南竿鄉,復興村,S0547DA1119,木桿,山隴警局低分1引上
連江縣,南竿鄉,復興村,S0547EA8727,木桿,山隴黨部低分1
連江縣,南竿鄉,馬祖村,S0146DD1615,水泥桿,中正高分#1
連江縣,南竿鄉,馬祖村,S0146DD1914,木桿,中正高分#2
連江縣,南竿鄉,馬祖村,S0146DE1764,水泥桿,中正高分#3
連江縣,南竿鄉,馬祖村,S0147DA0561,木桿,中正高分#5
連江縣,南竿鄉,復興村,S0547ED6797,水泥桿,中隴高幹#1
連江縣,南竿鄉,復興村,S0547ED7670,水泥桿,中隴高幹#2
連江縣,南竿鄉,仁愛村,S0244FA3183,木桿,仁愛高幹#
連江縣,南竿鄉,仁愛村,S0243CC4619,木桿,仁愛幹依土低分1引上
連江縣,南竿鄉,仁愛村,S0243CC5164,水泥桿,仁愛幹無極宮低分1引上
連江縣,南竿鄉,仁愛村,S0243CC2063,水泥桿,仁愛幹無極宮低分2
連江縣,南竿鄉,仁愛村,S0243CC3343,木桿,仁愛幹無極宮低分3
連江縣,南竿鄉,仁愛村,S0242CE1963,水泥桿,仁愛幹線#10號
連江縣,南竿鄉,仁愛村,S0242BE8697,水泥併桿,仁愛幹線#11號
連江縣,南竿鄉,仁愛村,S0242BE7411,水泥併桿,仁愛幹線#12號
連江縣,南竿鄉,仁愛村,S0242BE3354,水泥桿,仁愛幹線#13號
連江縣,南竿鄉,仁愛村,S0242CE4918,水泥桿,仁愛幹線#9號
連江縣,南竿鄉,仁愛村,S0242BE6608,木桿,仁愛幹線10號低分2-1
連江縣,南竿鄉,仁愛村,S0242BE5976,木桿,仁愛幹線10號低分2-2
連江縣,南竿鄉,仁愛村,S0243DB2159,水泥桿,仁愛幹線1號
連江縣,南竿鄉,仁愛村,S0243DB4082,水泥桿,仁愛幹線2號
連江縣,南竿鄉,仁愛村,S0243EA1852,水泥桿,仁愛幹線3-1號
連江縣,南竿鄉,仁愛村,S0243EA5727,水泥桿,仁愛幹線3-2號
連江縣,南竿鄉,仁愛村,S0243DA8809,水泥桿,仁愛幹線3號
連江縣,南竿鄉,仁愛村,S0243DA8512,水泥桿,仁愛幹線4號
連江縣,南竿鄉,仁愛村,S0243DA6205,水泥桿,仁愛幹線5號
連江縣,南竿鄉,仁愛村,S0243DA3270,水泥桿,仁愛幹線6號
連江縣,南竿鄉,仁愛村,S0243CA7260,水泥桿,仁愛幹線8號
連江縣,南竿鄉,仁愛村,S0243AD8006,水泥桿,仁愛幹線公所低分1號
連江縣,南竿鄉,仁愛村,S0243AC8418,木桿,仁愛幹線公所低分2-1號
連江縣,南竿鄉,仁愛村,S0243AC8786,木桿,仁愛幹線公所低分2號
連江縣,南竿鄉,仁愛村,S0243BC5523,木桿,仁愛幹線公所低分5號
連江縣,南竿鄉,仁愛村,S0243AD4438,水泥桿,仁愛幹線兩棲低分1號
連江縣,南竿鄉,仁愛村,S0243AD1554,木桿,仁愛幹線兩棲低分2號
連江縣,南竿鄉,仁愛村,S0243BC3010,木桿,仁愛幹線昇華低分1引上
連江縣,南竿鄉,仁愛村,S0244HC9038,水泥桿,仁愛幹線東盧低分1號
連江縣,南竿鄉,仁愛村,S0244FD3919,木桿,仁愛幹線後指低分1號
連江縣,南竿鄉,仁愛村,S0244FD2821,水泥桿,仁愛幹線後指低分2號
連江縣,南竿鄉,仁愛村,S0244FD1633,木桿,仁愛幹線後指低分3號
連江縣,南竿鄉,仁愛村,S0244ED9363,木桿,仁愛幹線後指低分4號
連江縣,南竿鄉,仁愛村,S0244BB6503,水泥桿,仁愛幹線海指高分10號
連江縣,南竿鄉,仁愛村,S0244BB4233,水泥桿,仁愛幹線海指高分10號低分1
連江縣,南竿鄉,仁愛村,S0244BA2952,水泥桿,仁愛幹線海指高分10號低分2
連江縣,南竿鄉,仁愛村,S0244AA9668,水泥桿,仁愛幹線海指高分10號低分3
連江縣,南竿鄉,仁愛村,S0244AA9627,水泥桿,仁愛幹線海指高分10號低分4
連江縣,南竿鄉,仁愛村,S0244DA8437,水泥桿,仁愛幹線海指高分1號
連江縣,南竿鄉,仁愛村,S0244DA5596,木桿,仁愛幹線海指高分2號
連江縣,南竿鄉,仁愛村,S0244DA3752,水泥桿,仁愛幹線海指高分3號
連江縣,南竿鄉,仁愛村,S0244DA0657,水泥桿,仁愛幹線海指高分4號
連江縣,南竿鄉,仁愛村,S0244CA7883,水泥桿,仁愛幹線海指高分5號
連江縣,南竿鄉,仁愛村,S0244CA5992,水泥桿,仁愛幹線海指高分6號
連江縣,南竿鄉,仁愛村,S0244CB3061,水泥桿,仁愛幹線海指高分7號
連江縣,南竿鄉,仁愛村,S0244CB1110,水泥桿,仁愛幹線海指高分8號
連江縣,南竿鄉,仁愛村,S0244BB8361,水泥桿,仁愛幹線海指高分9號
連江縣,南竿鄉,仁愛村,S0243FE4867,木桿,仁愛幹線經理高分1右低分1
連江縣,南竿鄉,仁愛村,S0244FA8383,水泥桿,仁愛幹線經理高分1低分1
連江縣,南竿鄉,仁愛村,S0244FA9508,木桿,仁愛幹線經理高分1低分1-1
連江縣,南竿鄉,仁愛村,S0244FA4249,水泥桿,仁愛幹線經理高分1號引上
連江縣,南竿鄉,仁愛村,S0244FA2703,水泥桿,仁愛幹線經理高分2號
連江縣,南竿鄉,仁愛村,S0244FA4993,水泥桿,仁愛幹線經理高分3號
連江縣,南竿鄉,仁愛村,S0244GB1216,水泥桿,仁愛幹線經理高分4低分1
連江縣,南竿鄉,仁愛村,S0244FB9628,水泥桿,仁愛幹線經理高分4低分2
連江縣,南竿鄉,仁愛村,S0244FB7575,木桿,仁愛幹線經理高分4低分2-1
連江縣,南竿鄉,仁愛村,S0244GB0769,木桿,仁愛幹線經理高分4低分3
連江縣,南竿鄉,仁愛村,S0244FB7076,水泥桿,仁愛幹線經理高分4號
連江縣,南竿鄉,仁愛村,S0243DB9724,木桿,仁愛幹線聯保廠低分1
連江縣,南竿鄉,仁愛村,S0243EB4910,水泥桿,仁愛幹線聯保廠低分2
連江縣,南竿鄉,介壽村,S0546FE1769,木桿,介壽堂高分3-1-1號
連江縣,南竿鄉,復興村,S0548AB1073,水泥桿,公視高分#14
連江縣,北竿鄉,塘岐村,S1060AA5942,水泥桿,午沙高支#10
連江縣,北竿鄉,塘岐村,S1060AD6105,水泥併桿,午沙高支#4
連江縣,北竿鄉,塘岐村,S1060AA5949,木桿,午沙高支#4低1
連江縣,北竿鄉,塘岐村,S1060AA3265,木桿,午沙高支#4低2
連江縣,北竿鄉,塘岐村,S1060AC5795,水泥桿,午沙高支#5
連江縣,北竿鄉,塘岐村,S1060AC6423,水泥桿,午沙高支#6
連江縣,北竿鄉,塘岐村,S1060AC6052,水泥桿,午沙高支#7
連江縣,北竿鄉,塘岐村,S1060AB5576,水泥桿,午沙高支#8
連江縣,北竿鄉,塘岐村,S1060AB5240,水泥桿,午沙高支#9
連江縣,南竿鄉,復興村,S0548GB6675,水泥桿,牛角高分#10
連江縣,南竿鄉,復興村,S0548HC3913,水泥桿,牛角高分#13
連江縣,南竿鄉,復興村,S0548EA7160,水泥桿,牛角高分#4
連江縣,南竿鄉,復興村,S0548EA9470,水泥桿,牛角高分#5
連江縣,南竿鄉,復興村,S0548FA1575,水泥桿,牛角高分#6
連江縣,南竿鄉,復興村,S0548FA7852,水泥桿,牛角高分#7
連江縣,南竿鄉,復興村,S0548GB0056,水泥桿,牛角高分#8
連江縣,南竿鄉,復興村,S0548GB3325,水泥桿,牛角高分#9
連江縣,南竿鄉,復興村,S0547EE5074,水泥桿,牛角高支#1
連江縣,南竿鄉,復興村,S0547EE4443,水泥桿,牛角高支#2
連江縣,南竿鄉,復興村,S0547EE5890,水泥桿,牛角高支#3
連江縣,北竿鄉,板里村,S0860BE1888,H桿,北海高支#1
連江縣,北竿鄉,板里村,S0860DB0660,水泥桿,北海高支#10
連江縣,北竿鄉,板里村,S0860DB2119,水泥桿,北海高支#11
連江縣,北竿鄉,板里村,S0860DA3882,水泥桿,北海高支#12
連江縣,北竿鄉,板里村,S0860DA6550,水泥桿,北海高支#13
連江縣,北竿鄉,板里村,S0860DA9233,水泥桿,北海高支#14
連江縣,北竿鄉,板里村,S0860BE5646,水泥桿,北海高支#2
連江縣,北竿鄉,板里村,S0860BE5389,木桿,北海高支#2低1
連江縣,北竿鄉,板里村,S0860BE61,木桿,北海高支#2低2
連江縣,北竿鄉,板里村,S0860BD6544,木桿,北海高支#2低3
連江縣,北竿鄉,板里村,S0860BE8621,木桿,北海高支#3-1
連江縣,北竿鄉,板里村,S0860CE0261,水泥桿,北海高支#4
連江縣,北竿鄉,板里村,S0860CD2963,水泥併桿,北海高支#5
連江縣,北竿鄉,板里村,S0860CE2083,水泥桿,北海高支#5
連江縣,北竿鄉,板里村,S0860CD4705,水泥桿,北海高支#5-1
連江縣,北竿鄉,板里村,S0860CD4502,水泥桿,北海高支#6
連江縣,北竿鄉,板里村,S0860CC7414,木桿,北海高支#6左低1
連江縣,北竿鄉,板里村,S0860CC9622,木桿,北海高支#6低1
連江縣,北竿鄉,板里村,S0860DC3919,木桿,北海高支#6低2
連江縣,北竿鄉,板里村,S0860DD7441,木桿,北海高支#6低3
連江縣,北竿鄉,板里村,S0860DD9999,木桿,北海高支#6低4
連江縣,北竿鄉,板里村,S0860CD4037,水泥桿,北海高支#7
連江縣,北竿鄉,板里村,S0860CC5746,水泥併桿,北海高支#7-1
連江縣,北竿鄉,板里村,S0860CC7591,水泥併桿,北海高支#8
連江縣,北竿鄉,板里村,S0860CB9983,水泥桿,北海高支#9
連江縣,莒光鄉,西坵村,S0307EA0098,水泥桿,民勤高支#4支
連江縣,莒光鄉,田沃村,S0307GA4788,木桿,民勤高支#5-6
連江縣,南竿鄉,馬祖村,S0245BE6799,水泥桿,用戶自備桿
連江縣,莒光鄉,田沃村,S0406FD8829,木桿,田沃高幹#16低1
連江縣,莒光鄉,田沃村,S0406FE4627,水泥桿,田沃高幹#17
連江縣,莒光鄉,田沃村,S0406FE0790,木桿,田沃高幹#17低1
連江縣,莒光鄉,田沃村,S0407GD8828,水泥桿,田沃高幹#30
連江縣,莒光鄉,田沃村,S0406EC2220,水泥桿,田沃高幹#9低1
連江縣,莒光鄉,田沃村,S0406GB2670,木桿,田沃高幹#9低4
連江縣,北竿鄉,塘岐村,S1061CB5152,水泥桿,白沙高幹#1
連江縣,北竿鄉,塘岐村,S0961HA0506,水泥併桿,白沙高幹#12
連江縣,北竿鄉,塘岐村,S0961EA4414,水泥桿,白沙高幹#20
連江縣,北竿鄉,塘岐村,S0961EA1276,木桿,白沙高幹#20-1
連江縣,北竿鄉,塘岐村,S0961DA8058,木桿,白沙高幹#20-2
連江縣,北竿鄉,塘岐村,S0960DE6940,木桿,白沙高幹#20-3
連江縣,北竿鄉,塘岐村,S0960DE4781,木桿,白沙高幹#20-4
連江縣,北竿鄉,塘岐村,S0960DE5418,木桿,白沙高幹#20-5
連江縣,北竿鄉,塘岐村,S0961DB7439,水泥併桿,白沙高幹#24
連江縣,北竿鄉,塘岐村,S0961DB4622,水泥桿,白沙高幹#25
連江縣,北竿鄉,塘岐村,S0961CC3021,H桿,白沙高幹#28
連江縣,北竿鄉,塘岐村,S0961CC3219,水泥桿,白沙高幹#28-1
連江縣,北竿鄉,芹壁村,S0861HE7572,木桿,白沙高幹#28-7-2
連江縣,北竿鄉,塘岐村,S0961BE3983,木桿,白沙高幹#28-9
連江縣,北竿鄉,塘岐村,S0961BC8495,木桿,白沙高幹#29-2低1
連江縣,北竿鄉,芹壁村,S0861GB4651,木桿,白沙高幹#29-5低4
連江縣,北竿鄉,板里村,S0860HE7688,水泥桿,白沙高幹#36
連江縣,北竿鄉,板里村,S0860BB6328,木桿,白沙高幹#64低1
連江縣,北竿鄉,板里村,S0860BB6056,木桿,白沙高幹#64低1右低1
連江縣,北竿鄉,板里村,S0860BB9643,木桿,白沙高幹#64低2
連江縣,北竿鄉,板里村,S0860BB4988,木桿,白沙高幹#64低2左低1
連江縣,北竿鄉,板里村,S0860BB4676,木桿,白沙高幹#64低2左低2
連江縣,北竿鄉,板里村,S0860CB37,木桿,白沙高幹#64低3
連江縣,北竿鄉,板里村,S0860CB6893,木桿,白沙高幹#64低4
連江縣,北竿鄉,板里村,S0860BC7759,木桿,白沙高幹#64低5
連江縣,北竿鄉,板里村,S0860CC1366,木桿,白沙高幹#64低5
連江縣,北竿鄉,白沙村,S0757FE2136,木桿,白沙高幹#82低1
連江縣,北竿鄉,塘岐村,S0961BB5515,水泥桿,白沙高幹29
連江縣,莒光鄉,西坵村,S0306ED1978,水泥桿,光武高支#4
連江縣,北竿鄉,塘岐村,S1162DC2159,木桿,后沃高支#1
連江縣,北竿鄉,后沃村,S1261ED4990,木桿,后沃高支#19低4
連江縣,北竿鄉,后沃村,S1261EE7102,木桿,后沃高支#19低5
連江縣,北竿鄉,后沃村,S1261FE0250,木桿,后沃高支#19低6
連江縣,北竿鄉,后沃村,S1262DA9439,水泥桿,后沃高支#21
連江縣,北竿鄉,后沃村,S1262FC1172,木桿,后沃高支#25低5
連江縣,北竿鄉,板里村,S0760DE9617,木桿,后浪高支#15
連江縣,北竿鄉,板里村,S0860AE7718,木桿,后浪高支#1低1
連江縣,北竿鄉,板里村,S0860AE5580,木桿,后浪高支#1低2
連江縣,東引鄉,樂華村,S7295GE9883,木桿,成功高幹#8低1
連江縣,南竿鄉,介壽村,S0445FD4902,木桿,自備桿
連江縣,東引鄉,樂華村,S7196GB1951,木桿,西引高幹#20-2低1
連江縣,莒光鄉,西坵村,S0306EC6899,水泥桿,西蚯高幹#13
連江縣,莒光鄉,西坵村,S0306CD7935,水泥桿,西蚯高幹#20
連江縣,莒光鄉,西坵村,S0306EC6576,木桿,西路高支#1
連江縣,莒光鄉,西坵村,S0306EC2733,木桿,西路高支#1低1
連江縣,莒光鄉,西坵村,S0306EC5126,木桿,西路高支#2
連江縣,莒光鄉,西坵村,S0306EB2991,水泥桿,西路高支#3
連江縣,莒光鄉,西坵村,S0306EB3941,水泥桿,西路高支#3低1
連江縣,莒光鄉,西坵村,S0306EC0066,木桿,西路高支#3低2
連江縣,莒光鄉,西坵村,S0306DC8177,木桿,西路高支#3低3
連江縣,莒光鄉,西坵村,S0306DB7968,水泥桿,西路高支#3低4
連江縣,莒光鄉,西坵村,S0306DB2993,水泥桿,西路高支#3低5
連江縣,北竿鄉,板里村,S0860AE4197,水泥桿,板山高支#1
連江縣,北竿鄉,板里村,S0860AD4855,水泥桿,板山高支#2
連江縣,北竿鄉,板里村,S0860AD2556,水泥桿,板山高支#3
連江縣,北竿鄉,板里村,S0860AD1330,水泥桿,板山高支#4
連江縣,北竿鄉,板里村,S0860AD0030,水泥桿,板山高支#5
連江縣,南竿鄉,復興村,S0549DB9106,水泥桿,油庫高分#3-1
連江縣,北竿鄉,板里村,S0861CC1465,水泥桿,芹壁高支#4
連江縣,莒光鄉,田沃村,S0407GD9534,木桿,青田高幹#33低1
連江縣,莒光鄉,青帆村,S0305FE3316,木桿,青帆高支#9
連江縣,莒光鄉,青帆村,S0305EE7318,木桿,青帆高支#9低2
連江縣,東引鄉,樂華村,S7195HC1506,水泥桿,南沃高幹#27-11
連江縣,東引鄉,樂華村,S7195GC9315,水泥桿,南沃高幹#27-12
連江縣,東引鄉,樂華村,S7195GC6183,水泥桿,南沃高幹#27-13
連江縣,東引鄉,樂華村,S7195GB5809,水泥桿,南沃高幹#27-14
連江縣,東引鄉,樂華村,S7195GB3646,水泥桿,南沃高幹#27-15
連江縣,東引鄉,樂華村,S7195GB2405,水泥桿,南沃高幹#27-16
連江縣,東引鄉,樂華村,S7195GB0267,水泥桿,南沃高幹#27-17
連江縣,東引鄉,樂華村,S7195GB3172,木桿,南沃高幹#27-17低1
連江縣,東引鄉,樂華村,S7195GA1589,木桿,南沃高幹#27-17低2
連江縣,東引鄉,樂華村,S7195FA9061,木桿,南沃高幹#27-17低3
連江縣,東引鄉,樂華村,S7196EB7643,水泥桿,南沃高幹#28-10
連江縣,東引鄉,樂華村,S7196FB0843,木桿,南沃高幹#28-10低1
連江縣,東引鄉,樂華村,S7196FB8281,水泥桿,南沃高幹#28-7低2
連江縣,東引鄉,樂華村,S7196FB3301,水泥桿,南沃高幹#28-8
連江縣,東引鄉,樂華村,S7196FB1053,木桿,南沃高幹#28-8低1
連江縣,東引鄉,樂華村,S7195FD4308,水泥桿,南沃高幹#43
連江縣,東引鄉,樂華村,S7195FD2664,H桿,南沃高幹#44
連江縣,南竿鄉,福沃村,S0447FB6975,水泥桿,建亞低分#1
連江縣,南竿鄉,津沙村,S0044HE5143,木桿,津沙1號壩低分#1
連江縣,南竿鄉,津沙村,S0143BC0451,木桿,津沙53W低分#1
連江縣,南竿鄉,津沙村,S0044DE8789,木桿,津沙60W低分#1
連江縣,南竿鄉,津沙村,S0044DB5439,木桿,津沙大砲低分#1
連江縣,南竿鄉,津沙村,S0044FB2772,木桿,津沙津村低分#1
連江縣,南竿鄉,津沙村,S0044FB1725,木桿,津沙津村低分#2
連江縣,南竿鄉,津沙村,S0044FB0806,木桿,津沙津村低分#3
連江縣,南竿鄉,津沙村,S0044EB6612,木桿,津沙津村低分#4
連江縣,南竿鄉,津沙村,S0144FD1220,水泥桿,津沙高分#10
連江縣,南竿鄉,津沙村,S0144EC8961,水泥桿,津沙高分#11
連江縣,南竿鄉,津沙村,S0144EC6644,水泥桿,津沙高分#12
連江縣,南竿鄉,津沙村,S0144EC4357,水泥桿,津沙高分#13
連江縣,南竿鄉,津沙村,S0144EC5368,木桿,津沙高分#13-1
連江縣,南竿鄉,津沙村,S0144EC2127,水泥桿,津沙高分#14
連江縣,南竿鄉,津沙村,S0144EB0918,水泥桿,津沙高分#15
連江縣,南竿鄉,津沙村,S0144DB7759,水泥桿,津沙高分#16
連江縣,南竿鄉,津沙村,S0144DB4497,水泥桿,津沙高分#17
連江縣,南竿鄉,津沙村,S0144DB23,水泥桿,津沙高分#18
連江縣,南竿鄉,津沙村,S0144HE4873,水泥桿,津沙高分#2
連江縣,南竿鄉,津沙村,S0144CA2817,水泥桿,津沙高分#21
連江縣,南竿鄉,津沙村,S0144HE1644,水泥桿,津沙高分#3
連江縣,南竿鄉,津沙村,S0144HE0889,木桿,津沙高分#3-1
連江縣,南竿鄉,津沙村,S0145HA0259,木桿,津沙高分#3-2
連江縣,南竿鄉,津沙村,S0144GE8591,水泥桿,津沙高分#4
連江縣,南竿鄉,津沙村,S0144GE5208,水泥桿,津沙高分#5
連江縣,南竿鄉,津沙村,S0144GE6123,木桿,津沙高分#5-1
連江縣,南竿鄉,津沙村,S0144GD7978,木桿,津沙高分#5-2
連江縣,南竿鄉,津沙村,S0144GE2005,水泥桿,津沙高分#6
連江縣,南竿鄉,津沙村,S0144FD9867,水泥桿,津沙高分#7
連江縣,南竿鄉,津沙村,S0144FD6664,水泥桿,津沙高分#8
連江縣,南竿鄉,津沙村,S0144FD3473,水泥桿,津沙高分#9
連江縣,南竿鄉,津沙村,S0144HE4894,水泥桿,津沙高幹#1
連江縣,南竿鄉,津沙村,S0245AD3982,木桿,津沙通信低分#2-1號
連江縣,南竿鄉,津沙村,S0245AD3804,木桿,津沙通信低分#2-2號
連江縣,南竿鄉,馬祖村,S0245AE5030,水泥桿,津沙通信高分#1
連江縣,南竿鄉,馬祖村,S0245CB3751,水泥桿,津沙通訊高分#10
連江縣,南竿鄉,馬祖村,S0245CB6514,水泥桿,津沙通訊高分#11
連江縣,南竿鄉,馬祖村,S0245CB9545,水泥桿,津沙通訊高分#12
連江縣,南竿鄉,馬祖村,S0245CB9585,水泥桿,津沙通訊高分#13
連江縣,南竿鄉,馬祖村,S0245CB9701,水泥桿,津沙通訊高分#13右低分1
連江縣,南竿鄉,馬祖村,S0245CB7224,木桿,津沙通訊高分#13左低分1-1
連江縣,南竿鄉,馬祖村,S0245DB2468,水泥桿,津沙通訊高分#13低分1
連江縣,南竿鄉,馬祖村,S0245AD4869,水泥桿,津沙通訊高分#2
連江縣,南竿鄉,馬祖村,S0245AD8684,水泥桿,津沙通訊高分#3
連江縣,南竿鄉,馬祖村,S0245BD2349,水泥桿,津沙通訊高分#4
連江縣,南竿鄉,馬祖村,S0245BD8173,木桿,津沙通訊高分#4低分1
連江縣,南竿鄉,馬祖村,S0245BC6944,水泥桿,津沙通訊高分#5
連江縣,南竿鄉,馬祖村,S0245CC0702,水泥桿,津沙通訊高分#6
連江縣,南竿鄉,馬祖村,S0245CC2630,水泥桿,津沙通訊高分#7
連江縣,南竿鄉,馬祖村,S0245CC2115,水泥桿,津沙通訊高分#8
連江縣,南竿鄉,馬祖村,S0245BC9149,水泥桿,津沙通訊高分#8低分1
連江縣,南竿鄉,馬祖村,S0245CB0984,水泥桿,津沙通訊高分#9
連江縣,南竿鄉,津沙村,S0044GA8006,木桿,津沙開炳低分#1
連江縣,南竿鄉,津沙村,S0044GA7060,木桿,津沙開炳低分#1-1
連江縣,南竿鄉,津沙村,S0043GE7613,木桿,津沙開炳低分#1-2
連江縣,南竿鄉,津沙村,S0044GA8332,木桿,津沙開炳低分#2
連江縣,南竿鄉,津沙村,S0044GA9601,木桿,津沙開炳低分#3
連江縣,南竿鄉,津沙村,S0044GA5662,木桿,津沙開炳低分#4
連江縣,南竿鄉,津沙村,S0044GA5982,木桿,津沙開炳低分#5
連江縣,南竿鄉,津沙村,S0144CB9185,木桿,津沙農場低分#1
連江縣,南竿鄉,津沙村,S0144CA9875,水泥桿,津沙農場低分#2
連江縣,南竿鄉,津沙村,S0144CA9515,水泥桿,津沙農場低分#3
連江縣,南竿鄉,津沙村,S0144CA8186,水泥桿,津沙農場低分#4
連江縣,南竿鄉,津沙村,S0143DE1904,水泥桿,津沙農場低分#5
連江縣,南竿鄉,津沙村,S0143DE1976,水泥桿,津沙農場低分#5
連江縣,南竿鄉,津沙村,S0144DE1904,水泥桿,津沙農場低分#5
連江縣,南竿鄉,津沙村,S0143DE2435,水泥桿,津沙農場低分#6
連江縣,南竿鄉,津沙村,S0143DE3147,水泥桿,津沙農場低分#7
連江縣,南竿鄉,津沙村,S0145EC92,水泥桿,津沙農場高分#1
連江縣,南竿鄉,津沙村,S0145EE6631,水泥桿,津沙農場高分#10
連江縣,南竿鄉,津沙村,S0145EE2479,水泥桿,津沙農場高分#11
連江縣,南竿鄉,津沙村,S0145DE9247,水泥桿,津沙農場高分#12
連江縣,南竿鄉,津沙村,S0145DE7015,水泥桿,津沙農場高分#13
連江縣,南竿鄉,津沙村,S0145DD4872,水泥桿,津沙農場高分#14
連江縣,南竿鄉,津沙村,S0145DD1762,水泥桿,津沙農場高分#15
連江縣,南竿鄉,津沙村,S0145CD7574,水泥桿,津沙農場高分#16
連江縣,南竿鄉,津沙村,S0145CD1182,水泥桿,津沙農場高分#18
連江縣,南竿鄉,津沙村,S0145BD8089,水泥桿,津沙農場高分#19
連江縣,南竿鄉,津沙村,S0145EC9276,水泥桿,津沙農場高分#2
連江縣,南竿鄉,津沙村,S0145BD5162,水泥桿,津沙農場高分#20
連江縣,南竿鄉,津沙村,S0145BD2112,水泥桿,津沙農場高分#21
連江縣,南竿鄉,津沙村,S0145AC9931,木桿,津沙農場高分#21低分1
連江縣,南竿鄉,津沙村,S0145AC8741,木桿,津沙農場高分#21低分2
連江縣,南竿鄉,津沙村,S0145AC8423,木桿,津沙農場高分#21低分3
連江縣,南竿鄉,津沙村,S0145AC7157,木桿,津沙農場高分#21低分4
連江縣,南竿鄉,津沙村,S0145EC9650,水泥桿,津沙農場高分#3
連江縣,南竿鄉,津沙村,S0145EC9905,水泥桿,津沙農場高分#4
連江縣,南竿鄉,津沙村,S0145ED9308,水泥桿,津沙農場高分#5
連江縣,南竿鄉,津沙村,S0145FE1323,水泥桿,津沙農場高分#8
連江縣,南竿鄉,津沙村,S0145EE9543,水泥桿,津沙農場高分#9
連江縣,南竿鄉,津沙村,S0145FB0902,木桿,津沙農場高分1低分#1
連江縣,南竿鄉,津沙村,S0145GA6995,水泥桿,津沙戰地低分#1
連江縣,南竿鄉,津沙村,S0145GB6021,木桿,津沙戰地低分#2
連江縣,南竿鄉,津沙村,S0143FD3269,木桿,津沙鐵堡低分#1
連江縣,南竿鄉,馬祖村,S0245AB6350,水泥桿,津沙觀測低分#1
連江縣,南竿鄉,津沙村,S0145EC4037,水泥桿,津訓高分#1
連江縣,南竿鄉,津沙村,S0145EC0043,水泥桿,津訓高分#2
連江縣,南竿鄉,津沙村,S0145DB9844,水泥桿,津訓高分#3號
連江縣,南竿鄉,津沙村,S0145DB6669,水泥桿,津訓高分#4號
連江縣,南竿鄉,津沙村,S0145DB3543,水泥併桿,津訓高分#5號
連江縣,南竿鄉,津沙村,S0145DB7428,木桿,津訓高分2低分#2
連江縣,南竿鄉,津沙村,S0145DB3235,水泥桿,津訓高分2低分#3
連江縣,南竿鄉,津沙村,S0145DB0029,水泥桿,津訓高分2低分#4
連江縣,南竿鄉,津沙村,S0145CA6962,木桿,津訓高分2低分#5
連江縣,北竿鄉,塘岐村,S1063HB0826,水泥桿,風山高支#1
連江縣,北竿鄉,塘岐村,S1063HC5098,木桿,風山高支#1
連江縣,北竿鄉,塘岐村,S1163BC4611,水泥桿,風山高支#10
連江縣,北竿鄉,塘岐村,S1163BC6816,水泥桿,風山高支#11
連江縣,北竿鄉,塘岐村,S1163CC0805,水泥桿,風山高支#12
連江縣,北竿鄉,塘岐村,S1163CC3777,水泥桿,風山高支#13
連江縣,北竿鄉,塘岐村,S1163CC9830,水泥桿,風山高支#13
連江縣,北竿鄉,塘岐村,S1163CC6795,水泥桿,風山高支#14
連江縣,北竿鄉,塘岐村,S1163DC2878,水泥桿,風山高支#14
連江縣,北竿鄉,塘岐村,S1163DC6718,水泥桿,風山高支#15
連江縣,北竿鄉,塘岐村,S1163DC9743,水泥桿,風山高支#16
連江縣,北竿鄉,塘岐村,S1163EC2717,水泥桿,風山高支#17
連江縣,北竿鄉,塘岐村,S1163EC4892,水泥桿,風山高支#18
連江縣,北竿鄉,塘岐村,S1163EC7876,水泥桿,風山高支#19
連江縣,北竿鄉,塘岐村,S1063HB2891,H桿,風山高支#2
連江縣,北竿鄉,塘岐村,S1163FC0666,水泥桿,風山高支#20
連江縣,北竿鄉,塘岐村,S1163FC3526,水泥桿,風山高支#21
連江縣,北竿鄉,塘岐村,S1163FC6694,水泥桿,風山高支#22
連江縣,北竿鄉,塘岐村,S1163FC9809,水泥桿,風山高支#23
連江縣,北竿鄉,塘岐村,S1163FD8199,水泥桿,風山高支#24
連江縣,北竿鄉,塘岐村,S1163GD0419,水泥桿,風山高支#25
連江縣,北竿鄉,塘岐村,S1163GD1796,水泥桿,風山高支#26
連江縣,北竿鄉,塘岐村,S1163GE7718,木桿,風山高支#26低3
連江縣,北竿鄉,塘岐村,S1163GD3954,水泥桿,風山高支#27
連江縣,北竿鄉,塘岐村,S1163GE5277,水泥桿,風山高支#28
連江縣,北竿鄉,塘岐村,S1163GE7652,水泥桿,風山高支#29
連江縣,北竿鄉,塘岐村,S1163GE8973,水泥桿,風山高支#29低分1
連江縣,北竿鄉,塘岐村,S1164HA0131,水泥桿,風山高支#29低分2
連江縣,北竿鄉,塘岐村,S1063HB5824,水泥桿,風山高支#3
連江縣,北竿鄉,塘岐村,S1063HB8813,水泥桿,風山高支#4
連江縣,北竿鄉,塘岐村,S1163AB0856,水泥桿,風山高支#5
連江縣,北竿鄉,塘岐村,S1163AC3055,水泥桿,風山高支#6
連江縣,北竿鄉,塘岐村,S1163AC5297,水泥桿,風山高支#7
連江縣,北竿鄉,塘岐村,S1163AC8273,水泥桿,風山高支#8
連江縣,北竿鄉,塘岐村,S1163BC1326,水泥桿,風山高支#9
連江縣,南竿鄉,四維村,S0149GB3759,水泥桿,氣象#10
連江縣,南竿鄉,四維村,S0149GB2459,水泥桿,氣象#11
連江縣,南竿鄉,四維村,S0149GB2121,水泥桿,氣象#12
連江縣,南竿鄉,四維村,S0149GA3740,水泥桿,氣象#13
連江縣,南竿鄉,四維村,S0149GA4363,水泥桿,氣象#14
連江縣,南竿鄉,四維村,S0149GA5091,水泥桿,氣象#15
連江縣,南竿鄉,馬祖村,S0148GE4753,水泥桿,氣象#16
連江縣,南竿鄉,馬祖村,S0148GE4389,水泥桿,氣象#17
連江縣,南竿鄉,馬祖村,S0148HE4907,水泥桿,氣象#20
連江縣,南竿鄉,馬祖村,S0148HD6995,水泥桿,氣象#21
連江縣,南竿鄉,馬祖村,S0248AE0184,水泥桿,氣象#22
連江縣,南竿鄉,馬祖村,S0248AE4410,水泥桿,氣象#23
連江縣,南竿鄉,馬祖村,S0248AE7678,水泥桿,氣象#24
連江縣,南竿鄉,馬祖村,S0248AE9922,水泥桿,氣象#25
連江縣,南竿鄉,四維村,S0149GC5834,水泥桿,氣象#6
連江縣,南竿鄉,四維村,S0149GC6338,水泥桿,氣象#8
連江縣,南竿鄉,四維村,S0149GC5136,水泥桿,氣象#9
連江縣,南竿鄉,四維村,S0149ED3370,水泥桿,氣象高支#1
連江縣,南竿鄉,馬祖村,S0148GE4249,木桿,氣象高支#18
連江縣,南竿鄉,馬祖村,S0148HE0102,水泥桿,氣象高支#19
連江縣,南竿鄉,四維村,S0149ED8289,水泥桿,氣象高支#2
連江縣,南竿鄉,四維村,S0149FD3313,水泥桿,氣象高支#3
連江縣,南竿鄉,四維村,S0149FD7079,水泥桿,氣象高支#4
連江縣,南竿鄉,四維村,S0149GD3032,水泥桿,氣象高支#5
連江縣,南竿鄉,四維村,S0149GC7674,水泥桿,氣象高支#7
連江縣,南竿鄉,仁愛村,S0243DA0238,水泥桿,海巡#11
連江縣,莒光鄉,青帆村,S0305CE7679,水泥桿,海淡高支#10
連江縣,莒光鄉,西坵村,S0306CA0438,木桿,海淡高支#13低1
連江縣,莒光鄉,西坵村,S0306FA8905,水泥桿,海淡高支#2
連江縣,莒光鄉,西坵村,S0306FA3849,水泥桿,海淡高支#3
連江縣,莒光鄉,西坵村,S0306FA0422,水泥桿,海淡高支#4
連江縣,莒光鄉,青帆村,S0306EA4290,水泥桿,海淡高支#5
連江縣,莒光鄉,西坵村,S0306EA1160,水泥桿,海淡高支#6
連江縣,莒光鄉,青帆村,S0306DA6364,水泥桿,海淡高支#7
連江縣,莒光鄉,青帆村,S0306DA7401,水泥桿,海淡高支#7支
連江縣,莒光鄉,青帆村,S0306DA2090,水泥桿,海淡高支#8
連江縣,莒光鄉,青帆村,S0305CE9646,水泥桿,海淡高支#9
連江縣,南竿鄉,介壽村,S0546AE2096,水泥桿,馬中高幹#1
連江縣,南竿鄉,介壽村,S0546BB2804,水泥桿,馬中高幹#11
連江縣,南竿鄉,介壽村,S0546BC6094,水泥桿,馬中高幹#12
連江縣,南竿鄉,介壽村,S0546BC7526,木桿,馬中高幹#12低分1
連江縣,南竿鄉,介壽村,S0546BC2537,木桿,馬中高幹#12低分1-1
連江縣,南竿鄉,介壽村,S0546CC1664,木桿,馬中高幹#12低分2
連江縣,南竿鄉,介壽村,S0546CC4856,木桿,馬中高幹#12低分3
連江縣,南竿鄉,介壽村,S0546CD6023,木桿,馬中高幹#12低分4
連江縣,南竿鄉,介壽村,S0546CC2241,水泥桿,馬中高幹#13
連江縣,南竿鄉,介壽村,S0546CC6483,木桿,馬中高幹#14
連江縣,南竿鄉,介壽村,S0546AE2081,水泥桿,馬中高幹#2
連江縣,南竿鄉,介壽村,S0546AD2853,木桿,馬中高幹#3
連江縣,南竿鄉,介壽村,S0546AD2632,木桿,馬中高幹#4
連江縣,南竿鄉,介壽村,S0546AD2337,木桿,馬中高幹#5
連江縣,南竿鄉,介壽村,S0546AC0975,水泥桿,馬中高幹#6
連江縣,南竿鄉,福沃村,S0446HC9511,木桿,馬中高幹#7
連江縣,南竿鄉,介壽村,S0546AC2378,木桿,馬中高幹#8
連江縣,南竿鄉,介壽村,S0546AC7237,水泥桿,馬中高幹#9
連江縣,南竿鄉,介壽村,S0546EB6929,木桿,馬中高幹介所2號右低1
連江縣,南竿鄉,介壽村,S0546EC7699,木桿,馬中高幹介所2號左低1
連江縣,南竿鄉,介壽村,S0546FD2440,木桿,馬中高幹介所2號左低2
連江縣,南竿鄉,介壽村,S0546FD0409,木桿,馬中高幹介所2號左低3
連江縣,南竿鄉,介壽村,S0546FB1177,木桿,馬中高幹水資低分1
連江縣,南竿鄉,介壽村,S0546DD4190,木桿,馬中高幹市場1號
連江縣,南竿鄉,介壽村,S0546DD3067,木桿,馬中高幹市場1號低分1
連江縣,南竿鄉,介壽村,S0546DD5181,木桿,馬中高幹市場2號
連江縣,南竿鄉,介壽村,S0546DD7165,水泥桿,馬中高幹市場2號低分1
連江縣,南竿鄉,珠螺村,S0346BA4529,木桿,馬祖桿文化低分#1
連江縣,南竿鄉,珠螺村,S0346BA5801,木桿,馬祖桿文化低分#2
連江縣,南竿鄉,珠螺村,S0346BB7091,木桿,馬祖桿文化低分#3
連江縣,南竿鄉,珠螺村,S0346BB7356,木桿,馬祖桿文化低分#4
連江縣,南竿鄉,珠螺村,S0346BB4577,水泥桿,馬祖桿文化低分#5
連江縣,南竿鄉,珠螺村,S0346BB1424,水泥桿,馬祖桿文化低分#6
連江縣,南竿鄉,珠螺村,S0346AB8615,木桿,馬祖桿文化低分#7
連江縣,南竿鄉,馬祖村,S0147BB6508,木桿,馬祖清輝低分2號
連江縣,南竿鄉,馬祖村,S0148CA6448,木桿,馬祖幹107低分1號
連江縣,南竿鄉,馬祖村,S0148GE0317,木桿,馬祖幹氣象17高分低1
連江縣,南竿鄉,四維村,S0148FD6984,木桿,馬祖幹氣象17高分低2
連江縣,南竿鄉,四維村,S0148FD6578,木桿,馬祖幹氣象17高分低3
連江縣,南竿鄉,馬祖村,S0148FD5299,木桿,馬祖幹氣象17高分低4
連江縣,南竿鄉,馬祖村,S0245FB2203,木桿,馬祖幹電廠低分2-1號
連江縣,南竿鄉,介壽村,S0546AC9033,水泥桿,馬祖幹線10號
連江縣,南竿鄉,清水村,S0444CE5579,水泥桿,梅石加油高分1右低分1
連江縣,南竿鄉,清水村,S0344HE7922,水泥桿,梅石阿貴檳榔低分#1
連江縣,南竿鄉,清水村,S0345GA7085,水泥桿,梅石高分#1
連江縣,南竿鄉,清水村,S0344EE1123,水泥桿,梅石高分#10
連江縣,南竿鄉,清水村,S0344ED0892,水泥桿,梅石高分#11
連江縣,南竿鄉,清水村,S0344ED2470,水泥桿,梅石高分#12
連江縣,南竿鄉,清水村,S0344EC0993,水泥桿,梅石高分#14
連江縣,南竿鄉,清水村,S0344EC2731,水泥桿,梅石高分#15
連江縣,南竿鄉,清水村,S0344EC5832,水泥桿,梅石高分#16
連江縣,南竿鄉,清水村,S0344EC8976,水泥桿,梅石高分#17
連江縣,南竿鄉,清水村,S0344FD1085,水泥桿,梅石高分#18
連江縣,南竿鄉,清水村,S0344GE4978,水泥桿,梅石高分#2
連江縣,南竿鄉,清水村,S0344GE0868,水泥桿,梅石高分#3
連江縣,南竿鄉,清水村,S0344FE7956,水泥桿,梅石高分#4
連江縣,南竿鄉,清水村,S0344FE3995,水泥桿,梅石高分#5
連江縣,南竿鄉,清水村,S0344EE8662,水泥桿,梅石高分#6
連江縣,南竿鄉,清水村,S0345FA0019,水泥桿,梅石高分#6
連江縣,南竿鄉,清水村,S0344EE6306,水泥桿,梅石高分#8
連江縣,南竿鄉,清水村,S0344EE2456,H桿,梅石高分#9
連江縣,南竿鄉,清水村,S0345AB7970,水泥桿,梅石幹工兵低分1
連江縣,南竿鄉,清水村,S0345AC9144,水泥桿,梅石幹工兵低分2
連江縣,南竿鄉,清水村,S0345BC0301,水泥桿,梅石幹工兵低分3
連江縣,南竿鄉,清水村,S0345BC1428,水泥桿,梅石幹工兵低分4
連江縣,南竿鄉,清水村,S0345BC0572,木桿,梅石幹工兵低分5
連江縣,南竿鄉,清水村,S0345BD1046,水泥桿,梅石幹工兵低分6
連江縣,南竿鄉,清水村,S0345FB7605,水泥桿,梅石幹砂石低分2左低分1
連江縣,南竿鄉,清水村,S0345FB8590,水泥桿,梅石幹砂石低分2左低分2
連江縣,南竿鄉,介壽村,S0647AE9236,水泥桿,梅石幹御丞高分1
連江縣,南竿鄉,介壽村,S0647AE92,水泥桿,梅石幹御丞高分2
連江縣,南竿鄉,介壽村,S0647BE2010,水泥桿,梅石幹御丞高分3
連江縣,南竿鄉,介壽村,S0647BE3253,水泥桿,梅石幹御丞高分4
連江縣,南竿鄉,介壽村,S0648DE6885,木桿,梅石幹塔台高枝20低分1
連江縣,南竿鄉,介壽村,S0648EE1733,水泥桿,梅石幹塔台高枝20低分2
連江縣,南竿鄉,介壽村,S0648EE2641,水泥桿,梅石幹塔台高枝20低分3
連江縣,南竿鄉,復興村,S0547ED8460,H桿,梅石幹電信高分3
連江縣,南竿鄉,復興村,S0547FD0024,H桿,梅石幹電信高分4
連江縣,南竿鄉,清水村,S0344ED1176,水泥桿,梅石幹線#13
連江縣,南竿鄉,福沃村,S0447FA7988,木桿,清水九榮低分1-1號
連江縣,南竿鄉,福沃村,S0447FA5736,木桿,清水九榮低分1號
連江縣,南竿鄉,福沃村,S0447FA3581,木桿,清水九榮低分2號
連江縣,南竿鄉,福沃村,S0446AB0909,木桿,清水三槍低分1號
連江縣,南竿鄉,清水村,S0345FE1822,木桿,清水水庫低分1號
連江縣,南竿鄉,福沃村,S0447GA0705,木桿,清水永昇低分1-1號
連江縣,南竿鄉,福沃村,S0447GA1985,水泥桿,清水永昇低分1號
連江縣,南竿鄉,復興村,S0447FB7085,木桿,清水永昇低分3號
連江縣,南竿鄉,福沃村,S0447GB5564,水泥桿,清水建平低分1號
連江縣,南竿鄉,福沃村,S0447GB3459,木桿,清水建平低分2號
連江縣,南竿鄉,福沃村,S0447GB1485,木桿,清水建平低分3號
連江縣,南竿鄉,福沃村,S0447GB0502,木桿,清水建平低分4號
連江縣,南竿鄉,福沃村,S0447FB8801,水泥桿,清水建亞高分1號
連江縣,南竿鄉,福沃村,S0447FC5174,H桿,清水建亞高分H桿
連江縣,南竿鄉,福沃村,S0446AA0050,木桿,清水畜牧低分1號
連江縣,南竿鄉,清水村,S0345HE9896,木桿,清水畜牧低分2號
連江縣,南竿鄉,清水村,S0345HE9609,木桿,清水畜牧低分3號
連江縣,南竿鄉,福沃村,S0446DE1362,木桿,清水假期低分1號
連江縣,南竿鄉,清水村,S0345HC0947,木桿,清水國宅低分1號
連江縣,南竿鄉,福沃村,S0446EE0202,木桿,清水國稅低分1號
連江縣,南竿鄉,福沃村,S0446EE0292,木桿,清水國稅低分2號
連江縣,南竿鄉,福沃村,S0446EE1034,木桿,清水國稅低分3號
連江縣,南竿鄉,清水村,S0345GE0130,水泥桿,清水教會低分1號
連江縣,南竿鄉,清水村,S0345FE9314,水泥桿,清水教會低分2號
連江縣,南竿鄉,清水村,S0345FD8902,水泥桿,清水教會低分3號
連江縣,南竿鄉,清水村,S0345FD6762,水泥桿,清水教會低分4號
連江縣,南竿鄉,福沃村,S0446DE5036,水泥桿,清水凱翔低分1-1號
連江縣,南竿鄉,福沃村,S0446DD58,木桿,清水凱翔低分1號
連江縣,南竿鄉,福沃村,S0446DD2961,木桿,清水凱翔低分2號
連江縣,南竿鄉,福沃村,S0446CD9908,木桿,清水凱翔低分3號
連江縣,南竿鄉,福沃村,S0446CE5007,木桿,清水凱翔低分4號
連江縣,南竿鄉,福沃村,S0446CE1117,木桿,清水凱翔低分5號
連江縣,南竿鄉,福沃村,S0446BE7223,木桿,清水凱翔低分6號
連江縣,南竿鄉,清水村,S0345GD3889,水泥桿,清水華園低分1號
連江縣,南竿鄉,清水村,S0345HE0204,木桿,清水華園低分2-1-1號
連江縣,南竿鄉,清水村,S0345HD2936,木桿,清水華園低分2-2號
連江縣,南竿鄉,清水村,S0345HD4915,木桿,清水華園低分2-3號
連江縣,南竿鄉,清水村,S0345GD7722,木桿,清水華園低分2號
連江縣,南竿鄉,清水村,S0345HD0560,水泥併桿,清水華園低分3號
連江縣,南竿鄉,清水村,S0346HA4367,木桿,清水幹大同低分1號
連江縣,南竿鄉,福沃村,S0447EA8380,木桿,清水幹正福低分1
連江縣,南竿鄉,福沃村,S0447FC4305,水泥桿,清水幹建亞低分1號
連江縣,南竿鄉,福沃村,S0447FA4098,水泥桿,清水幹商會低分1號
連江縣,南竿鄉,福沃村,S0447FA5363,水泥桿,清水幹商會低分2號
連江縣,南竿鄉,清水村,S0345HD13,木桿,清水幹國宅低分2號
連江縣,南竿鄉,福沃村,S0446EE9682,木桿,清水幹華光低分1號
連江縣,南竿鄉,清水村,S0345GD9956,木桿,清水幹華園低分2-1號
連江縣,南竿鄉,清水村,S0345HE4126,木桿,清水幹華園低分2-4號
連江縣,南竿鄉,清水村,S0345FD0469,木桿,清水電台低分1號
連江縣,南竿鄉,福沃村,S0446AC0579,木桿,清水龍都低分1號
連江縣,南竿鄉,福沃村,S0446AC3328,木桿,清水龍都低分2號
連江縣,南竿鄉,馬祖村,S0147GE6434,木桿,清馬幹11-1低分1號
連江縣,南竿鄉,馬祖村,S0147HE0524,木桿,清馬幹11-1低分2號
連江縣,南竿鄉,馬祖村,S0147GE3633,水泥桿,清馬幹11-1號
連江縣,南竿鄉,馬祖村,S0148HB0022,H桿,清馬幹15-1號
連江縣,南竿鄉,馬祖村,S0148GB9083,水泥桿,清馬幹15號
連江縣,南竿鄉,馬祖村,S0148HB1401,水泥桿,清馬幹16號
連江縣,南竿鄉,馬祖村,S0148HB1798,水泥桿,清馬幹17號
連江縣,南竿鄉,馬祖村,S0148HC2136,水泥桿,清馬幹18號
連江縣,南竿鄉,馬祖村,S0148HC2595,水泥桿,清馬幹19號
連江縣,南竿鄉,馬祖村,S0148HD3040,水泥桿,清馬幹20號
連江縣,南竿鄉,馬祖村,S0148HD6119,水泥桿,清馬幹21號
連江縣,南竿鄉,馬祖村,S0148HD9387,水泥桿,清馬幹22號
連江縣,南竿鄉,馬祖村,S0248AD1754,水泥桿,清馬幹23號
連江縣,南竿鄉,四維村,S0248AE3141,水泥桿,清馬幹24號
連江縣,南竿鄉,馬祖村,S0248AE5346,水泥桿,清馬幹25號
連江縣,南竿鄉,馬祖村,S0248AE9634,水泥桿,清馬幹26號
連江縣,南竿鄉,馬祖村,S0248BE0858,水泥桿,清馬幹27號
連江縣,南竿鄉,四維村,S0249BB3582,水泥桿,清馬幹28號
連江縣,南竿鄉,四維村,S0249BB5817,水泥桿,清馬幹29號
連江縣,南竿鄉,四維村,S0249AC9602,水泥桿,清馬幹31號
連江縣,南竿鄉,四維村,S0249AC5941,水泥桿,清馬幹32號
連江縣,南竿鄉,四維村,S0249AD7296,水泥桿,清馬幹33號
連江縣,南竿鄉,四維村,S0249BD1513,水泥桿,清馬幹34號
連江縣,南竿鄉,四維村,S0249BD2853,水泥併桿,清馬幹35號
連江縣,南竿鄉,四維村,S0249BE4070,木桿,清馬幹36低分1號
連江縣,南竿鄉,四維村,S0249BE3155,水泥桿,清馬幹36號
連江縣,南竿鄉,四維村,S0249BE7555,木桿,清馬幹37低分1號
連江縣,南竿鄉,四維村,S0249CE1429,木桿,清馬幹37低分2號
連江縣,南竿鄉,四維村,S0249CE3185,木桿,清馬幹37低分3-1號
連江縣,南竿鄉,四維村,S0249CE4360,木桿,清馬幹37低分3號
連江縣,南竿鄉,四維村,S0249BE4629,水泥桿,清馬幹37號
連江縣,南竿鄉,珠螺村,S0247EC3381,水泥桿,清馬幹94W高分2號
連江縣,南竿鄉,珠螺村,S0247EC6740,木桿,清馬幹94W高分3號
連江縣,南竿鄉,珠螺村,S0247EC9798,水泥桿,清馬幹94W高分4號
連江縣,南竿鄉,珠螺村,S0247FC4746,水泥桿,清馬幹94W高分5號
連江縣,南竿鄉,珠螺村,S0247FD7056,水泥桿,清馬幹94W高分6號
連江縣,南竿鄉,珠螺村,S0247FD9370,水泥桿,清馬幹94W高分7號
連江縣,南竿鄉,清水村,S0346DA8282,水泥桿,清馬幹山莊低分1號
連江縣,南竿鄉,珠螺村,S0246FE6305,木桿,清馬幹公墓低分1號
連江縣,南竿鄉,珠螺村,S0246EE8019,木桿,清馬幹公墓低分2號
連江縣,南竿鄉,珠螺村,S0246ED1856,木桿,清馬幹公墓低分3號
連江縣,南竿鄉,珠螺村,S0247GA5771,水泥桿,清馬幹玄天低分1號
連江縣,南竿鄉,清水村,S0345CD7602,水泥桿,清馬幹連絡線工兵高支10號
連江縣,南竿鄉,清水村,S0345CD7559,水泥桿,清馬幹連絡線工兵高支11號
連江縣,南竿鄉,清水村,S0345BC0508,水泥桿,清馬幹連絡線工兵高支1號
連江縣,南竿鄉,清水村,S0345BC1751,H桿,清馬幹連絡線工兵高支2、3號
連江縣,南竿鄉,清水村,S0345BC3828,水泥桿,清馬幹連絡線工兵高支4號
連江縣,南竿鄉,清水村,S0345BD4051,水泥桿,清馬幹連絡線工兵高支5號
連江縣,南竿鄉,清水村,S0345BD5282,水泥併桿,清馬幹連絡線工兵高支6號
連江縣,南竿鄉,清水村,S0345BD9338,水泥桿,清馬幹連絡線工兵高支7號
連江縣,南竿鄉,清水村,S0345CD28,木桿,清馬幹連絡線工兵高支8號
連江縣,南竿鄉,清水村,S0345CD4737,水泥桿,清馬幹連絡線工兵高支9號
連江縣,南竿鄉,四維村,S0249BC3026,水泥桿,清馬幹線#30
連江縣,南竿鄉,珠螺村,S0247EB0874,水泥桿,清馬幹線#44
連江縣,莒光鄉,大坪村,S0802FE0552,水泥桿,猛沃高幹#1
連江縣,南竿鄉,馬祖村,S0245CB8378,水泥桿,通信高分#13左低分1
連江縣,北竿鄉,塘岐村,S1063HB7457,水泥桿,凱旋#22
連江縣,北竿鄉,塘岐村,S1061DB0460,水泥桿,凱旋高幹#1
連江縣,北竿鄉,塘岐村,S1062CC6956,水泥桿,凱旋高幹#13
連江縣,北竿鄉,塘岐村,S1062CC1931,木桿,凱旋高幹#13-1
連江縣,北竿鄉,塘岐村,S1062CC0455,木桿,凱旋高幹#13-1低1
連江縣,北竿鄉,塘岐村,S1062BB9996,木桿,凱旋高幹#13-1低2
連江縣,北竿鄉,塘岐村,S1063FC6089,水泥桿,凱旋高幹#14
連江縣,北竿鄉,塘岐村,S1062CE6407,木桿,凱旋高幹#15-1低1
連江縣,北竿鄉,塘岐村,S1063HB1951,木桿,凱旋高幹#18
連江縣,北竿鄉,塘岐村,S1061DB2794,水泥桿,凱旋高幹#2
連江縣,北竿鄉,塘岐村,S1063FB5622,木桿,凱旋高幹#23低1
連江縣,北竿鄉,塘岐村,S1061DB4864,水泥桿,凱旋高幹#3
連江縣,北竿鄉,塘岐村,S1061DC5118,水泥併桿,凱旋高幹#4
連江縣,北竿鄉,塘岐村,S1061DC6551,水泥併桿,凱旋高幹#5
連江縣,北竿鄉,塘岐村,S1061DC5694,水泥併桿,凱旋高幹#6
連江縣,北竿鄉,塘岐村,S1062CA8278,木桿,凱旋高幹#7
連江縣,北竿鄉,塘岐村,S1062CB9320,木桿,凱旋高幹#9-1
連江縣,北竿鄉,塘岐村,S1062DB0108,水泥桿,凱旋高幹#9-1低1
連江縣,北竿鄉,塘岐村,S1062CB5344,木桿,凱旋高幹#9-2
連江縣,南竿鄉,復興村,S0548GC9938,木桿,勝利桿#15低分1
連江縣,南竿鄉,復興村,S0548EA4517,水泥桿,勝利幹5-1
連江縣,南竿鄉,復興村,S0548DA6983,木桿,勝利幹5-1-1
連江縣,南竿鄉,復興村,S0548DA1970,木桿,勝利幹5-1-12低分1
連江縣,南竿鄉,復興村,S0548CA5778,木桿,勝利幹5-1-12低分1-1
連江縣,南竿鄉,復興村,S0548CB7250,木桿,勝利幹5-1-12低分2
連江縣,南竿鄉,復興村,S0548EA8848,水泥併桿,勝利幹5-2
連江縣,南竿鄉,復興村,S0548FB0192,木桿,勝利幹5-3
連江縣,南竿鄉,復興村,S0548FB0284,木桿,勝利幹5-3低分1
連江縣,南竿鄉,復興村,S0548FB6554,木桿,勝利幹5-4
連江縣,南竿鄉,復興村,S0548FB9765,木桿,勝利幹5-5
連江縣,南竿鄉,復興村,S0548GB0844,木桿,勝利幹5-6
連江縣,南竿鄉,復興村,S0548FB8935,木桿,勝利幹5-6低分1
連江縣,南竿鄉,復興村,S0548FC9237,木桿,勝利幹5-6低分1-1
連江縣,南竿鄉,復興村,S0548FC9553,木桿,勝利幹5-6低分1-2
連江縣,南竿鄉,復興村,S0548FB5958,木桿,勝利幹5-6低分2
連江縣,南竿鄉,復興村,S0548FC4196,木桿,勝利幹5-6低分3
連江縣,南竿鄉,復興村,S0548EB8597,木桿,勝利幹美國低分1
連江縣,南竿鄉,復興村,S0548EB5806,木桿,勝利幹復興村低分1引上
連江縣,南竿鄉,復興村,S0548EC72,木桿,勝利幹復興村低分2-1
連江縣,南竿鄉,復興村,S0548EC6244,木桿,勝利幹復興村低分3
連江縣,南竿鄉,復興村,S0548DA1445,木桿,勝利幹復興菜園低分1
連江縣,南竿鄉,復興村,S0548CA6158,木桿,勝利幹復興菜園低分2
連江縣,南竿鄉,復興村,S0547CE1985,木桿,勝利幹復興菜園低分3
連江縣,南竿鄉,復興村,S0548DB6737,木桿,勝利幹福利低分3
連江縣,莒光鄉,西坵村,S0306GD0003,水泥桿,復興高支#1
連江縣,北竿鄉,塘岐村,S1162CB3850,水泥併桿,塘歧高支#1
連江縣,北竿鄉,塘岐村,S1162CC6162,木桿,塘歧高支#2
連江縣,北竿鄉,塘岐村,S1162CC4459,木桿,塘歧高支#2-1
連江縣,北竿鄉,塘岐村,S1162CC2841,木桿,塘歧高支#2-2
連江縣,北竿鄉,塘岐村,S1162CD0201,木桿,塘歧高支#2-3
連江縣,北竿鄉,塘岐村,S1162CD4433,木桿,塘歧高支#2-3低1
連江縣,北竿鄉,塘岐村,S1162CD6712,木桿,塘歧高支#2-3低2
連江縣,北竿鄉,塘岐村,S1162CC9599,木桿,塘歧高支#3
連江縣,北竿鄉,塘岐村,S1162DD3090,木桿,塘歧高支#4
連江縣,北竿鄉,塘岐村,S1162DD7485,木桿,塘歧高支#5
連江縣,北竿鄉,塘岐村,S1162ED2939,木桿,塘歧高支#6
連江縣,北竿鄉,塘岐村,S1162EE4304,木桿,塘歧高支#7
連江縣,北竿鄉,塘岐村,S1162EE5730,水泥桿,塘歧高支#8
連江縣,南竿鄉,津沙村,S0145FD0770,水泥桿,農場高支#6
連江縣,南竿鄉,津沙村,S0145FE2094,水泥桿,農場高支#7
連江縣,莒光鄉,田沃村,S0407FB9789,水泥桿,靶場1號#1'
連江縣,莒光鄉,田沃村,S0407GB0739,水泥桿,靶場高支#1
連江縣,莒光鄉,田沃村,S0407GB0393,水泥桿,靶場高支#1-1
連江縣,莒光鄉,田沃村,S0407GB2071,水泥桿,靶場高支#1-2
連江縣,莒光鄉,田沃村,S0407GA3513,水泥桿,靶場高支#1-3
連江縣,莒光鄉,田沃村,S0407GA5168,水泥桿,靶場高支#1-4
連江縣,莒光鄉,田沃村,S0406GE4749,水泥桿,靶場高支#1-5
連江縣,莒光鄉,田沃村,S0406GE5495,水泥桿,靶場高支#1-6
連江縣,莒光鄉,田沃村,S0406GE7286,水泥桿,靶場高支#1-6低1
連江縣,莒光鄉,田沃村,S0406GE9173,水泥桿,靶場高支#1-6低2
連江縣,莒光鄉,田沃村,S0406HD0899,水泥桿,靶場高支#1-6低3
連江縣,莒光鄉,田沃村,S0406HD3555,水泥桿,靶場高支#1-6低4
連江縣,莒光鄉,田沃村,S0407GB8739,水泥桿,靶場高支#3支
連江縣,莒光鄉,田沃村,S0507AC8018,水泥桿,靶場高支#8-1
連江縣,莒光鄉,田沃村,S0507BC1263,水泥桿,靶場高支#8-2
連江縣,莒光鄉,田沃村,S0507BC4368,水泥桿,靶場高支#8-3
連江縣,莒光鄉,田沃村,S0507BC6658,水泥桿,靶場高支#8-4
連江縣,莒光鄉,田沃村,S0507BC9966,水泥桿,靶場高支#8-5
連江縣,莒光鄉,田沃村,S0507CD6361,水泥桿,靶場高支#8-7
連江縣,莒光鄉,田沃村,S0507CD3117,木桿,靶場高支#8低6
連江縣,莒光鄉,田沃村,S0507DD0334,木桿,靶場高支#8低7
連江縣,莒光鄉,田沃村,S0507DD0452,木桿,靶場高支#8低8
連江縣,東引鄉,中柳村,S7398AB6335,木桿,管報高幹#13-1低5
連江縣,東引鄉,中柳村,S7398AB9601,木桿,管報高幹#13-1低6
連江縣,南竿鄉,馬祖村,S0246AA57,水泥桿,銅像高支 3-1號
連江縣,南竿鄉,馬祖村,S0246AB4057,水泥桿,銅像高支 4-1號
連江縣,南竿鄉,馬祖村,S0246AB3327,水泥桿,銅像高支 5-1號
連江縣,南竿鄉,珠螺村,S0246AA6534,水泥桿,銅像高支3號
連江縣,南竿鄉,珠螺村,S0246AA4837,水泥桿,銅像高支4號
連江縣,南竿鄉,珠螺村,S0246AB4223,水泥桿,銅像高支5號
連江縣,南竿鄉,珠螺村,S0246AB1469,水泥併桿,銅像高支6號
連江縣,南竿鄉,馬祖村,S0146HB9515,水泥桿,銅像高支7號
連江縣,南竿鄉,馬祖村,S0146HB7544,水泥桿,銅像高支8號
連江縣,東引鄉,樂華村,S7294DD0049,水泥桿,碼頭高桿#12-1
連江縣,東引鄉,樂華村,S7294EE0515,水泥桿,碼頭高桿#8-1
連江縣,東引鄉,樂華村,S7294DD6865,水泥桿,碼頭高幹#10
連江縣,東引鄉,樂華村,S7294DD3552,水泥桿,碼頭高幹#11
連江縣,東引鄉,樂華村,S7294DD1370,水泥桿,碼頭高幹#12
連江縣,東引鄉,樂華村,S7294CD9093,水泥桿,碼頭高幹#13
連江縣,東引鄉,樂華村,S7294CD9007,水泥桿,碼頭高幹#13低1
連江縣,東引鄉,樂華村,S7294CD9217,水泥桿,碼頭高幹#14
連江縣,東引鄉,樂華村,S7194GC6921,木桿,碼頭高幹#15
連江縣,東引鄉,樂華村,S7294CD7564,水泥桿,碼頭高幹#15
連江縣,東引鄉,樂華村,S7194GD2053,木桿,碼頭高幹#16
連江縣,東引鄉,樂華村,S7294CD6832,水泥桿,碼頭高幹#16
連江縣,東引鄉,樂華村,S7194FC9963,水泥桿,碼頭高幹#17
連江縣,東引鄉,樂華村,S7294CE5006,水泥桿,碼頭高幹#17
連江縣,東引鄉,樂華村,S7294CE3277,水泥桿,碼頭高幹#18
連江縣,東引鄉,樂華村,S7294CE1513,水泥桿,碼頭高幹#19
連江縣,東引鄉,樂華村,S7295FB4272,水泥桿,碼頭高幹#2
連江縣,東引鄉,樂華村,S7295FB4530,水泥桿,碼頭高幹#2-1
連江縣,東引鄉,樂華村,S7294BE9737,水泥桿,碼頭高幹#20
連江縣,東引鄉,樂華村,S7295BA8069,水泥桿,碼頭高幹#21
連江縣,東引鄉,樂華村,S7295BA8483,水泥桿,碼頭高幹#22
連江縣,東引鄉,樂華村,S7295BA7114,水泥桿,碼頭高幹#22-1
連江縣,東引鄉,樂華村,S7194HE4104,水泥桿,碼頭高幹#22-10
連江縣,東引鄉,樂華村,S7194HD3803,水泥桿,碼頭高幹#22-11
連江縣,東引鄉,樂華村,S7194HD1560,水泥桿,碼頭高幹#22-12
連江縣,東引鄉,樂華村,S7194HD0205,水泥桿,碼頭高幹#22-13
連江縣,東引鄉,樂華村,S7194GC8855,水泥桿,碼頭高幹#22-14
連江縣,東引鄉,樂華村,S7194HC1799,水泥桿,碼頭高幹#22-14-1
連江縣,東引鄉,樂華村,S7194HC4793,水泥桿,碼頭高幹#22-14-1低1
連江縣,東引鄉,樂華村,S7194HC7372,木桿,碼頭高幹#22-14-1低2
連江縣,東引鄉,樂華村,S7194HC8648,水泥桿,碼頭高幹#22-14-1低3
連江縣,東引鄉,樂華村,S7294BE5836,水泥桿,碼頭高幹#22-2
連江縣,東引鄉,樂華村,S7295BA3455,木桿,碼頭高幹#22-2低1
連江縣,東引鄉,樂華村,S7295AA8379,水泥桿,碼頭高幹#22-2低2
連江縣,東引鄉,樂華村,S7295AA7548,水泥桿,碼頭高幹#22-2低3
連江縣,東引鄉,樂華村,S7294BE2528,水泥桿,碼頭高幹#22-3
連江縣,東引鄉,樂華村,S7294BE0308,水泥桿,碼頭高幹#22-4
連江縣,東引鄉,樂華村,S7294AE7280,水泥桿,碼頭高幹#22-5
連江縣,東引鄉,樂華村,S7294AD5964,水泥桿,碼頭高幹#22-6
連江縣,東引鄉,樂華村,S7294AD8895,水泥桿,碼頭高幹#22-6-1
連江縣,東引鄉,樂華村,S7294BD2707,水泥桿,碼頭高幹#22-6-2
連江縣,東引鄉,樂華村,S7294BD4660,水泥桿,碼頭高幹#22-6-3
連江縣,東引鄉,樂華村,S7294BD6366,水泥桿,碼頭高幹#22-6-4
連江縣,東引鄉,樂華村,S7294AD1952,木桿,碼頭高幹#22-6低1
連江縣,東引鄉,樂華村,S7294AD3969,水泥桿,碼頭高幹#22-7
連江縣,東引鄉,樂華村,S7194HE9071,水泥桿,碼頭高幹#22-8
連江縣,東引鄉,樂華村,S7194HE7057,木桿,碼頭高幹#22-9
連江縣,東引鄉,樂華村,S7194HE7482,木桿,碼頭高幹#22-9低1
連江縣,東引鄉,樂華村,S7194HE7993,木桿,碼頭高幹#22-9低2
連江縣,東引鄉,樂華村,S7295CA0629,水泥桿,碼頭高幹#23
連江縣,東引鄉,樂華村,S7295CA1944,水泥桿,碼頭高幹#24
連江縣,東引鄉,樂華村,S7295CB2241,水泥桿,碼頭高幹#25
連江縣,東引鄉,樂華村,S7295CB3531,水泥桿,碼頭高幹#26
連江縣,東引鄉,樂華村,S7295CB6550,水泥桿,碼頭高幹#26-1
連江縣,東引鄉,樂華村,S7295CB8428,水泥桿,碼頭高幹#26-2
連江縣,東引鄉,樂華村,S7295CB9792,水泥桿,碼頭高幹#26-2-1
連江縣,東引鄉,樂華村,S7295CB7120,水泥桿,碼頭高幹#26-2右低1
連江縣,東引鄉,樂華村,S7295DB1519,木桿,碼頭高幹#26-2低1
連江縣,東引鄉,樂華村,S7295DB2790,木桿,碼頭高幹#26-2低2
連江縣,東引鄉,樂華村,S7295DB4905,木桿,碼頭高幹#26-2低3
連江縣,東引鄉,樂華村,S7295CB9617,水泥桿,碼頭高幹#26-3
連江縣,東引鄉,樂華村,S7295CB1504,水泥桿,碼頭高幹#27
連江縣,東引鄉,樂華村,S7295BB8515,水泥桿,碼頭高幹#28
連江縣,東引鄉,樂華村,S7295BB9266,木桿,碼頭高幹#28左低1
連江縣,東引鄉,樂華村,S7295BB4109,木桿,碼頭高幹#28低2
連江縣,東引鄉,樂華村,S7295BB7849,水泥桿,碼頭高幹#29
連江縣,東引鄉,樂華村,S7295BB8913,水泥桿,碼頭高幹#29-1
連江縣,東引鄉,樂華村,S7295CB0916,水泥桿,碼頭高幹#29低1
連江縣,東引鄉,樂華村,S7295BC9049,水泥桿,碼頭高幹#29低2
連江縣,東引鄉,樂華村,S7295FB1247,水泥桿,碼頭高幹#3
連江縣,東引鄉,樂華村,S7295BC5171,水泥桿,碼頭高幹#30
連江縣,東引鄉,樂華村,S7295BC2283,水泥桿,碼頭高幹#31
連江縣,東引鄉,樂華村,S7295EB7389,水泥桿,碼頭高幹#4
連江縣,東引鄉,樂華村,S7295EB7627,水泥桿,碼頭高幹#4-1
連江縣,東引鄉,樂華村,S7295EB5930,水泥桿,碼頭高幹#4-2
連江縣,東引鄉,樂華村,S7295EC5390,水泥桿,碼頭高幹#4-3
連江縣,東引鄉,樂華村,S7295EC7744,水泥桿,碼頭高幹#4-4
連江縣,東引鄉,樂華村,S7295EC5962,水泥桿,碼頭高幹#4-5
連江縣,東引鄉,樂華村,S7194GD0562,水泥桿,碼頭高幹#47
連江縣,東引鄉,樂華村,S7194FD9315,水泥桿,碼頭高幹#48
連江縣,東引鄉,樂華村,S7295EB7319,木桿,碼頭高幹#4低1
連江縣,東引鄉,樂華村,S7295EB5044,木桿,碼頭高幹#5
連江縣,東引鄉,樂華村,S7194DD9869,水泥桿,碼頭高幹#56
連江縣,東引鄉,樂華村,S7194DD8497,木桿,碼頭高幹#56低1
連江縣,東引鄉,樂華村,S7194DD9124,木桿,碼頭高幹#59右3
連江縣,東引鄉,樂華村,S7194DC9808,木桿,碼頭高幹#59右3低1
連江縣,東引鄉,樂華村,S7194DC8513,木桿,碼頭高幹#59右3低2
連江縣,東引鄉,樂華村,S7295EA3621,木桿,碼頭高幹#6
連江縣,東引鄉,樂華村,S7194BB70,木桿,碼頭高幹#66低1
連江縣,東引鄉,樂華村,S7194BA3874,木桿,碼頭高幹#66低2
連江縣,東引鄉,樂華村,S7194BB4235,木桿,碼頭高幹#66低r1
連江縣,東引鄉,樂華村,S7295EA2213,木桿,碼頭高幹#7
連江縣,東引鄉,樂華村,S7294EE0779,木桿,碼頭高幹#8
連江縣,東引鄉,樂華村,S7294DE9216,木桿,碼頭高幹#9
連江縣,北竿鄉,塘岐村,S0961HA08,木桿,壁山高支#1
連江縣,北竿鄉,塘岐村,S1061BE3458,木桿,壁山高支#11
連江縣,北竿鄉,塘岐村,S0961FD6358,木桿,壁山高支#4低3
連江縣,北竿鄉,塘岐村,S0961GC3723,木桿,壁山高支#4低R1
連江縣,北竿鄉,塘岐村,S1061AD5813,木桿,壁山高支#9
連江縣,北竿鄉,橋仔村,S1063CE3013,水泥桿,橋仔高支#14
連江縣,北竿鄉,芹壁村,S0962FE7411,水泥桿,橋仔高支#27
連江縣,北竿鄉,橋仔村,S1064GB1514,木桿,橋仔高支#2低1
連江縣,北竿鄉,橋仔村,S1064EA5173,水泥桿,橋仔高支#6
連江縣,東引鄉,中柳村,S7496CA5239,木桿,燈塔高幹#29低1
連江縣,東引鄉,中柳村,S7396CD7836,木桿,燈塔高幹#6
連江縣,東引鄉,中柳村,S7396CD9336,木桿,燈塔高幹#6低1
連江縣,東引鄉,樂華村,S7396DC1774,木桿,燈塔高幹#6低2
連江縣,南竿鄉,清水村,S0446AC3693,水泥桿,龍都低分1-2號
連江縣,南竿鄉,介壽村,S0545HD0886,水泥桿,覽架高支#10
連江縣,南竿鄉,介壽村,S0545HE1810,水泥桿,覽架高支#7
連江縣,南竿鄉,介壽村,S0545HE2571,水泥桿,覽架高支#8
連江縣,南竿鄉,介壽村,S0545HE1179,水泥桿,覽架高支#9
連江縣,南竿鄉,介壽村,S0546GB4759,水泥桿,纜架高支#1
連江縣,南竿鄉,介壽村,S0546GB5403,水泥桿,纜架高支#2
連江縣,南竿鄉,介壽村,S0546GB4027,水泥桿,纜架高支#3
連江縣,南竿鄉,介壽村,S0546GA3751,水泥桿,纜架高支#4
連江縣,南竿鄉,介壽村,S0546GA5386,水泥桿,纜架高支#5
連江縣,南竿鄉,介壽村,S0546GA8066,水泥桿,纜架高支#6
連江縣,北竿鄉,白沙村,S0756DB8397,木桿,
連江縣,北竿鄉,白沙村,S0757ED6932,水泥桿,
連江縣,北竿鄉,白沙村,S0757EE7870,木桿,
連江縣,北竿鄉,白沙村,S0757FE3683,水泥桿,
連江縣,北竿鄉,白沙村,S0758EA2396,水泥桿,
連江縣,北竿鄉,白沙村,S0758EA6465,木桿,
連江縣,北竿鄉,后沃村,S1261FE2471,木桿,
連江縣,北竿鄉,后沃村,S1262EB6498,水泥桿,
連江縣,北竿鄉,后沃村,S1262EB8655,水泥桿,
連江縣,北竿鄉,板里村,S0759HC1021,木桿,
連江縣,北竿鄉,板里村,S0760GB0848,木桿,
連江縣,北竿鄉,板里村,S0760HA0911,水泥桿,
連江縣,北竿鄉,板里村,S0860BE8428,水泥併桿,
連江縣,北竿鄉,板里村,S0860CC3202,木桿,
連江縣,北竿鄉,板里村,S0861BC7444,水泥桿,
連江縣,北竿鄉,芹壁村,S0962BA5377,木桿,
連江縣,北竿鄉,芹壁村,S0962CA4844,木桿,
連江縣,北竿鄉,芹壁村,S0962FE2275,H桿,
連江縣,北竿鄉,芹壁村,S1062DB0478,水泥併桿,
連江縣,北竿鄉,塘岐村,S0961HD8932,木桿,
連江縣,北竿鄉,塘岐村,S1060AA4589,水泥併桿,
連江縣,北竿鄉,塘岐村,S1061BE1786,木桿,
連江縣,北竿鄉,塘岐村,S1061EB2345,水泥桿,
連江縣,北竿鄉,塘岐村,S1061EB4296,水泥桿,
連江縣,北竿鄉,塘岐村,S1061EB7098,水泥桿,
連江縣,北竿鄉,塘岐村,S1061FB2154,水泥併桿,
連江縣,北竿鄉,塘岐村,S1062HD0647,木桿,
連江縣,北竿鄉,塘岐村,S1063DA7465,木桿,
連江縣,北竿鄉,塘岐村,S1063EA0486,木桿,
連江縣,北竿鄉,塘岐村,S1063EA4651,木桿,
連江縣,北竿鄉,塘岐村,S1063EA8740,木桿,
連江縣,北竿鄉,塘岐村,S1063FA1807,木桿,
連江縣,北竿鄉,塘岐村,S1063GC5094,水泥桿,
連江縣,北竿鄉,塘岐村,S1063HB1320,水泥桿,
連江縣,北竿鄉,塘岐村,S1161AD9715,木桿,
連江縣,北竿鄉,塘岐村,S1162BB9723,木桿,
連江縣,北竿鄉,塘岐村,S1162DB2370,水泥併桿,
連江縣,北竿鄉,塘岐村,S1162DB5402,木桿,
連江縣,北竿鄉,塘岐村,S1162DB7519,木桿,
連江縣,北竿鄉,塘岐村,S1162DB8747,木桿,
連江縣,北竿鄉,塘岐村,S1162DC9091,木桿,
連江縣,北竿鄉,橋仔村,S1064EA3361,木桿,
連江縣,北竿鄉,橋仔村,S1064EA3515,木桿,
連江縣,北竿鄉,橋仔村,S1064EA8352,水泥桿,
連江縣,北竿鄉,橋仔村,S1064EC3728,木桿,
連江縣,東引鄉,中柳村,S7295GC0725,水泥桿,
連江縣,東引鄉,中柳村,S7295GC6663,水泥桿,
連江縣,東引鄉,中柳村,S7296BA0751,水泥桿,
連江縣,東引鄉,中柳村,S7296DB0386,木桿,
連江縣,東引鄉,中柳村,S7296DB1271,水泥桿,
連江縣,東引鄉,中柳村,S7296GA1761,水泥桿,
連江縣,東引鄉,中柳村,S7296GA3568,水泥桿,
連江縣,東引鄉,中柳村,S7296GA8098,水泥併桿,
連江縣,東引鄉,中柳村,S7296HD0044,水泥桿,
連江縣,東引鄉,中柳村,S7396CD6929,水泥桿,
連江縣,東引鄉,中柳村,S7396CE3240,水泥桿,
連江縣,東引鄉,樂華村,S7097FD6756,水泥桿,
連江縣,東引鄉,樂華村,S7194CC4382,水泥桿,
連江縣,東引鄉,樂華村,S7294BE4529,水泥桿,
連江縣,東引鄉,樂華村,S7294BE4602,木桿,
連江縣,東引鄉,樂華村,S7295AC8824,水泥桿,
連江縣,東引鄉,樂華村,S7295BA4224,木桿,
連江縣,東引鄉,樂華村,S7295BB5237,水泥桿,
連江縣,東引鄉,樂華村,S7295BB8367,水泥桿,
連江縣,東引鄉,樂華村,S7295BC5451,水泥桿,
連江縣,東引鄉,樂華村,S7295BC5649,水泥桿,
連江縣,東引鄉,樂華村,S7295BD6692,水泥桿,
連江縣,東引鄉,樂華村,S7396CE3447,水泥桿,
連江縣,南竿鄉,仁愛村,S0143HC9958,木桿,
連江縣,南竿鄉,仁愛村,S0243CC1023,木桿,
連江縣,南竿鄉,仁愛村,S0244HC9038,水泥桿,
連江縣,南竿鄉,介壽村,S0444AC1973,木桿,
連江縣,南竿鄉,介壽村,S0444AD0181,水泥桿,
連江縣,南竿鄉,介壽村,S0444AD1502,木桿,
連江縣,南竿鄉,介壽村,S0444AD1973,木桿,
連江縣,南竿鄉,介壽村,S0444AD2363,木桿,
連江縣,南竿鄉,介壽村,S0444CD3269,水泥桿,
連江縣,南竿鄉,介壽村,S0444CE6314,水泥桿,
連江縣,南竿鄉,介壽村,S0444CE6417,H桿,
連江縣,南竿鄉,介壽村,S0444CE7580,木桿,
連江縣,南竿鄉,介壽村,S0444DE0620,木桿,
連江縣,南竿鄉,介壽村,S0444DE3753,木桿,
連江縣,南竿鄉,介壽村,S0445CB8034,木桿,
連江縣,南竿鄉,介壽村,S0445DA7070,木桿,
連江縣,南竿鄉,介壽村,S0546BC3510,木桿,
連江縣,南竿鄉,介壽村,S0546BC7385,木桿,
連江縣,南竿鄉,介壽村,S0546BD3377,木桿,
連江縣,南竿鄉,介壽村,S0546CC9920,木桿,
連江縣,南竿鄉,介壽村,S0546DD7388,水泥桿,
連江縣,南竿鄉,介壽村,S0546EC6600,H桿,
連江縣,南竿鄉,介壽村,S0546FE3453,水泥桿,
連江縣,南竿鄉,介壽村,S0647EC3959,木桿,
連江縣,南竿鄉,介壽村,S0647ED4180,木桿,
連江縣,南竿鄉,介壽村,S0647ED8594,水泥桿,
連江縣,南竿鄉,介壽村,S0647ED9831,水泥桿,
連江縣,南竿鄉,介壽村,S0648FB9156,水泥桿,
連江縣,南竿鄉,介壽村,S0649DA8631,水泥併桿,
連江縣,南竿鄉,四維村,S0149EB7325,,
連江縣,南竿鄉,四維村,S0149GB1489,水泥併桿,
連江縣,南竿鄉,津沙村,S0044DD5923,水泥桿,
連江縣,南竿鄉,津沙村,S0044HB9343,木桿,
連江縣,南竿鄉,津沙村,S0047HC2319,木桿,
連江縣,南竿鄉,津沙村,S0047HC8469,木桿,
連江縣,南竿鄉,津沙村,S0144DB2267,水泥桿,
連江縣,南竿鄉,津沙村,S0144HC8131,水泥桿,
連江縣,南竿鄉,津沙村,S0145GB5089,木桿,
連江縣,南竿鄉,津沙村,S0145GD1402,水泥桿,
連江縣,南竿鄉,珠螺村,S0247GA4764,木桿,
連江縣,南竿鄉,珠螺村,S0247GA6024,水泥桿,
連江縣,南竿鄉,馬祖村,S0147AB6994,水泥桿,
連江縣,南竿鄉,馬祖村,S0147AC3282,木桿,
連江縣,南竿鄉,馬祖村,S0147DB0106,木桿,
連江縣,南竿鄉,馬祖村,S0245BE6862,水泥桿,
連江縣,南竿鄉,馬祖村,S0245FB9683,木桿,
連江縣,南竿鄉,清水村,S0344CC5992,木桿,
連江縣,南竿鄉,清水村,S0344CC7716,水泥桿,
連江縣,南竿鄉,清水村,S0344DC0655,水泥桿,
連江縣,南竿鄉,清水村,S0344DC3486,水泥桿,
連江縣,南竿鄉,清水村,S0344DC7277,水泥桿,
連江縣,南竿鄉,清水村,S0344DD8057,木桿,
連江縣,南竿鄉,清水村,S0344EC0538,水泥桿,
連江縣,南竿鄉,清水村,S0344EE0246,木桿,
連江縣,南竿鄉,清水村,S0344EE7453,水泥桿,
連江縣,南竿鄉,清水村,S0344EE9963,水泥桿,
連江縣,南竿鄉,清水村,S0344GE2922,水泥桿,
連江縣,南竿鄉,清水村,S0344HB9990,木桿,
連江縣,南竿鄉,清水村,S0344HD7332,水泥桿,
連江縣,南竿鄉,清水村,S0344HD8172,水泥併桿,
連江縣,南竿鄉,清水村,S0345CD8599,水泥併桿,
連江縣,南竿鄉,清水村,S0345FB5991,木桿,
連江縣,南竿鄉,清水村,S0345FC3031,水泥桿,
連江縣,南竿鄉,清水村,S0345GE9299,木桿,
連江縣,南竿鄉,復興村,S0547AD4669,水泥桿,
連江縣,南竿鄉,復興村,S0547CD9423,木桿,
連江縣,南竿鄉,復興村,S0547CD9739,木桿,
連江縣,南竿鄉,復興村,S0547CE1915,木桿,
連江縣,南竿鄉,復興村,S0547DA5461,木桿,
連江縣,南竿鄉,復興村,S0547DC3720,木桿,
連江縣,南竿鄉,復興村,S0547FC1771,水泥桿,
連江縣,南竿鄉,復興村,S0547GE5344,木桿,
連江縣,南竿鄉,復興村,S0547HC3530,木桿,
連江縣,南竿鄉,復興村,S0547HC3860,木桿,
連江縣,南竿鄉,復興村,S0548AB3137,木桿,
連江縣,南竿鄉,復興村,S0548DA7956,木桿,
連江縣,南竿鄉,復興村,S0548DB8410,水泥桿,
連江縣,南竿鄉,復興村,S0548EA4555,水泥桿,
連江縣,南竿鄉,復興村,S0548EC1113,水泥桿,
連江縣,南竿鄉,復興村,S0548FA3669,水泥桿,
連江縣,南竿鄉,復興村,S0548FA4606,水泥桿,
連江縣,南竿鄉,復興村,S0548GC7750,木桿,
連江縣,南竿鄉,復興村,S0548HD0124,木桿,
連江縣,莒光鄉,大坪村,S0802GB9765,木桿,
連江縣,莒光鄉,田沃村,S0305GA4579,水泥桿,
連江縣,莒光鄉,田沃村,S0305GA6911,水泥桿,
連江縣,莒光鄉,田沃村,S0406EC7432,水泥併桿,
連江縣,莒光鄉,田沃村,S0406FC0369,木桿,
連江縣,莒光鄉,田沃村,S0406FC3373,木桿,
連江縣,莒光鄉,田沃村,S0406FC7042,木桿,
連江縣,莒光鄉,西坵村,S0306EC7929,水泥桿,
連江縣,莒光鄉,西坵村,S0306FB9283,水泥桿,
連江縣,莒光鄉,青帆村,S0206GA7013,木桿,
連江縣,莒光鄉,青帆村,S0206GE7991,水泥桿,
連江縣,莒光鄉,青帆村,S0207GA7013,木桿,
連江縣,莒光鄉,青帆村,S0305ED7815,水泥桿,
連江縣,莒光鄉,青帆村,S0305FE1309,水泥桿,
連江縣,莒光鄉,青帆村,S0306BA9492,水泥桿,
連江縣,莒光鄉,福正村,S1005AA7794,木桿,
連江縣,莒光鄉,福正村,S1005BA0439,木桿,
